-- phpMyAdmin SQL Dump
-- version 5.2.0
-- https://www.phpmyadmin.net/
--
-- Host: 127.0.0.1
-- Generation Time: Apr 10, 2023 at 05:53 PM
-- Server version: 10.4.27-MariaDB
-- PHP Version: 8.2.0

SET SQL_MODE = "NO_AUTO_VALUE_ON_ZERO";
START TRANSACTION;
SET time_zone = "+00:00";


/*!40101 SET @OLD_CHARACTER_SET_CLIENT=@@CHARACTER_SET_CLIENT */;
/*!40101 SET @OLD_CHARACTER_SET_RESULTS=@@CHARACTER_SET_RESULTS */;
/*!40101 SET @OLD_COLLATION_CONNECTION=@@COLLATION_CONNECTION */;
/*!40101 SET NAMES utf8mb4 */;

--
-- Database: `final_project_v2`
--

-- --------------------------------------------------------

--
-- Table structure for table `academic`
--

CREATE TABLE `academic` (
  `TeacherID` int(11) DEFAULT NULL,
  `Title` varchar(50) DEFAULT NULL,
  `Name` varchar(50) DEFAULT NULL,
  `LastName` varchar(50) DEFAULT NULL,
  `Department` varchar(50) DEFAULT NULL,
  `ColorGroup` varchar(50) DEFAULT NULL,
  `Track` varchar(50) DEFAULT NULL
) ENGINE=InnoDB DEFAULT CHARSET=utf8 COLLATE=utf8_general_ci;

--
-- Dumping data for table `academic`
--

INSERT INTO `academic` (`TeacherID`, `Title`, `Name`, `LastName`, `Department`, `ColorGroup`, `Track`) VALUES
(163, 'อาจารย์', 'สุรัตน์', 'ประมวลศักดิกุล', 'วิศวกรรมโยธา', 'ฟ้า', 'T2'),
(164, 'อาจารย์', 'ศุภกร', 'ติระพัฒน์', 'วิศวกรรมโยธา', 'แดง', 'T2'),
(165, 'อาจารย์', 'อำพล ', 'วงศ์ษา', 'วิศวกรรมโยธา', 'ฟ้า', 'T2'),
(166, 'ผู้ช่วยศาสตราจารย์', 'กิตติเวช', 'ขันติยวิชัย', 'วิศวกรรมโยธา', 'แดง', 'T2'),
(167, 'ผู้ช่วยศาสตราจารย์', 'รัตมณี', 'นันทสาร', 'วิศวกรรมโยธา', 'ฟ้า', 'T2'),
(168, 'ผู้ช่วยศาสตราจารย์', 'ดลฤดี', 'หอมดี', 'วิศวกรรมโยธา', 'ฟ้า', 'T2'),
(169, 'ผู้ช่วยศาสตราจารย์', 'ชาติชาย', 'ไวยสุระสิงห์', 'วิศวกรรมโยธา', 'ฟ้า', 'T2'),
(170, 'ผู้ช่วยศาสตราจารย์', 'ปิยะวัชร', 'ฝอยทอง', 'วิศวกรรมโยธา', 'ฟ้า', 'T2'),
(171, 'ผู้ช่วยศาสตราจารย์', 'พีร์นิธิ', 'อักษร', 'วิศวกรรมโยธา', 'ฟ้า', 'T2'),
(172, 'รองศาสตราจารย์', 'วีระ', 'หอสกุลไท', 'วิศวกรรมโยธา', 'ฟ้า', 'T2'),
(173, 'รองศาสตราจารย์', 'พนกฤษณ', 'คลังบุญครอง', 'วิศวกรรมโยธา', 'แดง', 'T2'),
(174, 'รองศาสตราจารย์', 'เฉลิมชัย', 'พาวัฒนา', 'วิศวกรรมโยธา', 'ฟ้า', 'T2'),
(175, 'รองศาสตราจารย์', 'จารึก', 'ถีระวงษ์', 'วิศวกรรมโยธา', 'ฟ้า', 'T2'),
(176, 'รองศาสตราจารย์', 'พงศกร', 'พรรณรัตนศิลป์', 'วิศวกรรมโยธา', 'แดง', 'T2'),
(177, 'รองศาสตราจารย์', 'ณัฐพงษ์', 'อารีมิตร', 'วิศวกรรมโยธา', 'ฟ้า', 'T2'),
(178, 'รองศาสตราจารย์', 'เมธี', 'บุญพิเชฐวงศ์', 'วิศวกรรมโยธา', 'แดง', 'T2'),
(179, 'รองศาสตราจารย์', 'ธันยดา', 'พรรณเชษฐ์', 'วิศวกรรมโยธา', 'ฟ้า', 'T2'),
(180, 'รองศาสตราจารย์', 'ลัดดา', 'ตันวาณิชกุล', 'วิศวกรรมโยธา', 'แดง', 'T2'),
(181, 'รองศาสตราจารย์', 'ธเนศ', 'เสถียรนาม', 'วิศวกรรมโยธา', 'ฟ้า', 'T2'),
(182, 'รองศาสตราจารย์', 'กอปร', 'ศรีนาวิน', 'วิศวกรรมโยธา', 'แดง', 'T2'),
(183, 'รองศาสตราจารย์', 'วันชัย', 'สะตะ', 'วิศวกรรมโยธา', 'แดง', 'T2'),
(184, 'รองศาสตราจารย์', 'วิชุดา', 'เสถียรนาม', 'วิศวกรรมโยธา', 'แดง', 'T2'),
(185, 'ศาสตราจารย์', 'ปริญญา', 'จินดาประเสริฐ', 'วิศวกรรมโยธา', 'แดง', 'T2'),
(186, 'อาจารย์', 'สถิรพร', 'พรนิมิตร', 'วิศวกรรมไฟฟ้า', 'แดง', 'T2'),
(187, 'อาจารย์', 'สงวน', 'บุญปัญญารักษ์', 'วิศวกรรมไฟฟ้า', 'ฟ้า', 'T2'),
(188, 'อาจารย์', 'จงกฤษฏิ์ ', 'จงอุดมการณ์', 'วิศวกรรมไฟฟ้า', 'ฟ้า', 'T2'),
(189, 'อาจารย์', 'ธนวุฒิ', 'ตันติโสภารักษ์', 'วิศวกรรมไฟฟ้า', 'ฟ้า', 'T2'),
(190, 'ผู้ช่วยศาสตราจารย์', 'อนุชา', 'แสงรุ่ง', 'วิศวกรรมไฟฟ้า', 'ฟ้า', 'T2'),
(191, 'ผู้ช่วยศาสตราจารย์', 'นิยม', 'พินิจการ', 'วิศวกรรมไฟฟ้า', 'แดง', 'T2'),
(192, 'ผู้ช่วยศาสตราจารย์', 'ปานหทัย', 'บัวศรี', 'วิศวกรรมไฟฟ้า', 'ฟ้า', 'T2'),
(193, 'ผู้ช่วยศาสตราจารย์', 'ประมินทร์', 'อาจฤทธิ์', 'วิศวกรรมไฟฟ้า', 'แดง', 'T2'),
(194, 'ผู้ช่วยศาสตราจารย์', 'บุญยิ่ง', 'เจริญ', 'วิศวกรรมไฟฟ้า', 'แดง', 'T2'),
(195, 'ผู้ช่วยศาสตราจารย์', 'กิตติพิชญ์', 'มีสวาสดิ์', 'วิศวกรรมไฟฟ้า', 'ฟ้า', 'T2'),
(196, 'ผู้ช่วยศาสตราจารย์', 'นภัสถ์', 'ไตรโรจน์', 'วิศวกรรมไฟฟ้า', 'แดง', 'T2'),
(197, 'ผู้ช่วยศาสตราจารย์', 'นรารัตน์', 'เรืองชัยจตุพร', 'วิศวกรรมไฟฟ้า', 'แดง', 'T2'),
(198, 'ผู้ช่วยศาสตราจารย์', 'วรายุทธ ', 'คัมภีราวัฒน์', 'วิศวกรรมไฟฟ้า', 'แดง', 'T2'),
(199, 'ผู้ช่วยศาสตราจารย์', 'ภูริพงศ์  ', 'สุทธิโสภาพันธ์', 'วิศวกรรมไฟฟ้า', 'แดง', 'T2'),
(200, 'ผู้ช่วยศาสตราจารย์', 'พิรัสม์', 'คุณกิตติ', 'วิศวกรรมไฟฟ้า', 'แดง', 'T2'),
(201, 'ผู้ช่วยศาสตราจารย์', 'รองฤทธิ์', 'ฉัตรถาวร', 'วิศวกรรมไฟฟ้า', 'แดง', 'T2'),
(202, 'รองศาสตราจารย์', 'วิระสิทธิ์', 'อิ่มถวิล', 'วิศวกรรมไฟฟ้า', 'ฟ้า', 'T2'),
(203, 'รองศาสตราจารย์', 'อาคม', 'แก้วระวัง', 'วิศวกรรมไฟฟ้า', 'ฟ้า', 'T2'),
(204, 'รองศาสตราจารย์', 'กฤษ', 'เฉยไสย', 'วิศวกรรมไฟฟ้า', 'ฟ้า', 'T2'),
(205, 'รองศาสตราจารย์', 'จีรนุช', 'เสงี่ยมศักดิ์', 'วิศวกรรมไฟฟ้า', 'แดง', 'T2'),
(206, 'รองศาสตราจารย์', 'อำนาจ', 'สุขศรี', 'วิศวกรรมไฟฟ้า', 'ฟ้า', 'T2'),
(207, 'รองศาสตราจารย์', 'อานุภาพ', 'มีสมบูรณ์', 'วิศวกรรมไฟฟ้า', 'ฟ้า', 'T2'),
(208, 'รองศาสตราจารย์', 'อนันต์', 'เครือทรัพย์ถาวร', 'วิศวกรรมไฟฟ้า', 'ฟ้า', 'T2'),
(209, 'รองศาสตราจารย์', 'ศราวุธ', 'ชัยมูล', 'วิศวกรรมไฟฟ้า', 'แดง', 'T2'),
(210, 'ศาสตราจารย์', 'อภิรัฐ', 'ศิริธราธิวัตร', 'วิศวกรรมไฟฟ้า', 'ฟ้า', 'T2'),
(211, 'ผู้ช่วยศาสตราจารย์', 'คำนึง', 'วาทโยธา', 'วิศวกรรมเกษตร', 'ฟ้า', 'T2'),
(212, 'ผู้ช่วยศาสตราจารย์', 'โพยม', 'สราภิรมย์', 'วิศวกรรมเกษตร', 'ฟ้า', 'T2'),
(213, 'ผู้ช่วยศาสตราจารย์', 'กิตติพงษ์', 'ลาลุน', 'วิศวกรรมเกษตร', 'แดง', 'T2'),
(214, 'ผู้ช่วยศาสตราจารย์', 'เจษฎา ', 'โพธิ์สม', 'วิศวกรรมเกษตร', 'แดง', 'T2'),
(215, 'รองศาสตราจารย์', 'สมชาย', 'ชวนอุดม', 'วิศวกรรมเกษตร', 'แดง', 'T2'),
(216, 'รองศาสตราจารย์', 'ศุภสิทธิ์', 'คนใหญ่', 'วิศวกรรมเกษตร', 'ฟ้า', 'T2'),
(217, 'รองศาสตราจารย์', 'ชัยยันต์', 'จันทร์ศิริ', 'วิศวกรรมเกษตร', 'ฟ้า', 'T2'),
(218, 'รองศาสตราจารย์', 'ขวัญตรี', 'แสงประชาธนารักษ์', 'วิศวกรรมเกษตร', 'ฟ้า', 'T2'),
(219, 'อาจารย์', 'ศิโรรัตน์ ', 'พัฒนไพโรจน์', 'วิศวกรรมอุตสาหการ', 'แดง', 'T2'),
(220, 'อาจารย์', 'กฤษณรัช', 'นิติสิริ', 'วิศวกรรมอุตสาหการ', 'แดง', 'T2'),
(221, 'ผู้ช่วยศาสตราจารย์', 'วีรพัฒน์', 'เศรษฐ์สมบูรณ์', 'วิศวกรรมอุตสาหการ', 'แดง', 'T2'),
(222, 'ผู้ช่วยศาสตราจารย์', 'ศิรวดี', 'อรัญนารถ', 'วิศวกรรมอุตสาหการ', 'แดง', 'T2'),
(223, 'ผู้ช่วยศาสตราจารย์', 'ฐิติพงศ์', 'จำรัส', 'วิศวกรรมอุตสาหการ', 'แดง', 'T2'),
(224, 'ผู้ช่วยศาสตราจารย์', 'ธีรวัฒน์', 'เหล่านภากุล', 'วิศวกรรมอุตสาหการ', 'ฟ้า', 'T2'),
(225, 'ผู้ช่วยศาสตราจารย์', 'อภิชาติ', 'บุญมา', 'วิศวกรรมอุตสาหการ', 'ฟ้า', 'T2'),
(226, 'ผู้ช่วยศาสตราจารย์', 'สุขอังคณา', 'แถลงกัณฑ์', 'วิศวกรรมอุตสาหการ', 'แดง', 'T2'),
(227, 'ผู้ช่วยศาสตราจารย์', 'คมกฤช ', 'ปิติฤกษ์', 'วิศวกรรมอุตสาหการ', 'ฟ้า', 'T2'),
(228, 'ผู้ช่วยศาสตราจารย์', 'ทวี', 'นาครัชตะอมร', 'วิศวกรรมอุตสาหการ', 'แดง', 'T2'),
(229, 'ผู้ช่วยศาสตราจารย์', 'ปนิทัศน์ ', 'สุรียธนาภาส', 'วิศวกรรมอุตสาหการ', 'ฟ้า', 'T2'),
(230, 'ผู้ช่วยศาสตราจารย์', 'ฐนวรรธน์', 'นิยะโมสถ', 'วิศวกรรมอุตสาหการ', 'แดง', 'T2'),
(231, 'รองศาสตราจารย์', 'ชาญณรงค์', 'สายแก้ว', 'วิศวกรรมอุตสาหการ', 'แดง', 'T2'),
(232, 'รองศาสตราจารย์', 'ปณิธาน', 'พีรพัฒนา', 'วิศวกรรมอุตสาหการ', 'ฟ้า', 'T2'),
(233, 'รองศาสตราจารย์', 'พรเทพ', 'ขอขจายเกียรติ', 'วิศวกรรมอุตสาหการ', 'แดง', 'T2'),
(234, 'รองศาสตราจารย์', 'ดนัยพงศ์', 'เชษฐโชติศักดิ์', 'วิศวกรรมอุตสาหการ', 'แดง', 'T2'),
(235, 'รองศาสตราจารย์', 'รักน้อย', 'อัครรุ่งเรืองกุล', 'วิศวกรรมอุตสาหการ', 'เขียว', 'T2'),
(236, 'รองศาสตราจารย์', 'ธนา', 'ราษฎร์ภักดี', 'วิศวกรรมอุตสาหการ', 'ชมพู', 'T2'),
(237, 'รองศาสตราจารย์', 'ศีขรินทร์', 'สุขโต', 'วิศวกรรมอุตสาหการ', 'ชมพู', 'T2'),
(238, 'รองศาสตราจารย์', 'ปาพจน์', 'เจริญอภิบาล', 'วิศวกรรมอุตสาหการ', 'เขียว', 'T2'),
(239, 'ศาสตราจารย์', 'กาญจนา', 'เศรษฐนันท์', 'วิศวกรรมอุตสาหการ', 'ชมพู', 'T2'),
(240, 'อาจารย์', 'จิตติน', 'ตรีพุทธรัตน์', 'วิศวกรรมเครื่องกล', 'เขียว', 'T2'),
(241, 'อาจารย์', 'ทรงศักดิ์', 'สุวรรณศรี', 'วิศวกรรมเครื่องกล', 'ชมพู', 'T2'),
(242, 'อาจารย์', 'จารุพล', 'สุริยวนากุล', 'วิศวกรรมเครื่องกล', 'ชมพู', 'T2'),
(243, 'อาจารย์', 'นที ', 'พนากานต์', 'วิศวกรรมเครื่องกล', 'ชมพู', 'T2'),
(244, 'อาจารย์', 'วศกร ', 'ตรีเดช', 'วิศวกรรมเครื่องกล', 'ชมพู', 'T2'),
(245, 'ผู้ช่วยศาสตราจารย์', 'อัญชลี', 'แสงซ้าย', 'วิศวกรรมเครื่องกล', 'เขียว', 'T2'),
(246, 'ผู้ช่วยศาสตราจารย์', 'ชนกนันท์', 'สุขกำเนิด', 'วิศวกรรมเครื่องกล', 'ชมพู', 'T2'),
(247, 'ผู้ช่วยศาสตราจารย์', 'เด่นพงษ์', 'สุดภักดี', 'วิศวกรรมเครื่องกล', 'ชมพู', 'T2'),
(248, 'ผู้ช่วยศาสตราจารย์', 'ปิโยรส', 'จิระวัฒนา', 'วิศวกรรมเครื่องกล', 'เขียว', 'T2'),
(249, 'ผู้ช่วยศาสตราจารย์', 'เขมจิต', 'เสนา', 'วิศวกรรมเครื่องกล', 'เขียว', 'T2'),
(250, 'ผู้ช่วยศาสตราจารย์', 'จุฬาภรณ์', 'เบญจปิยะพร', 'วิศวกรรมเครื่องกล', 'ชมพู', 'T2'),
(251, 'ผู้ช่วยศาสตราจารย์', 'ฉัตรชัย', 'เบญจปิยะพร', 'วิศวกรรมเครื่องกล', 'ชมพู', 'T2'),
(252, 'ผู้ช่วยศาสตราจารย์', 'อัครพล', 'จันทร์อ่อน', 'วิศวกรรมเครื่องกล', 'ชมพู', 'T2'),
(253, 'ผู้ช่วยศาสตราจารย์', 'นำพล', 'มหายศนันท์', 'วิศวกรรมเครื่องกล', 'ชมพู', 'T2'),
(254, 'รองศาสตราจารย์', 'อนุสรณ์', 'ชินสุวรรณ', 'วิศวกรรมเครื่องกล', 'เขียว', 'T2'),
(255, 'รองศาสตราจารย์', 'เกียรติฟ้า', 'ตั้งใจจิต', 'วิศวกรรมเครื่องกล', 'เขียว', 'T2'),
(256, 'รองศาสตราจารย์', 'รัชพล', 'สันติวรากร', 'วิศวกรรมเครื่องกล', 'ชมพู', 'T2'),
(257, 'รองศาสตราจารย์', 'สุรสิทธิ์', 'ปิยะศิลป์', 'วิศวกรรมเครื่องกล', 'ชมพู', 'T2'),
(258, 'รองศาสตราจารย์', 'ณัญธิวัฒน์', 'พลดี', 'วิศวกรรมเครื่องกล', 'ชมพู', 'T2'),
(259, 'ศาสตราจารย์', 'สุจินต์', 'บุรีรัตน์', 'วิศวกรรมเครื่องกล', 'เขียว', 'T2'),
(260, 'ศาสตราจารย์', 'ธนากร', 'วงศ์วัฒนาเสถียร', 'วิศวกรรมเครื่องกล', 'เขียว', 'T2'),
(261, 'อาจารย์', 'ชัชวาล', 'อัยยาธิติ', 'วิศวกรรมสิ่งแวดล้อม', 'เขียว', 'T2'),
(262, 'อาจารย์', 'ปณิธาน', 'จูฑาพร', 'วิศวกรรมสิ่งแวดล้อม', 'เขียว', 'T2'),
(263, 'อาจารย์', 'รัฐบาล', 'ขันธ์โพธิ์น้อย', 'วิศวกรรมสิ่งแวดล้อม', 'เขียว', 'T2'),
(264, 'อาจารย์', 'พันวัตต์ ', 'พึ่งสาย', 'วิศวกรรมสิ่งแวดล้อม', 'เขียว', 'T2'),
(265, 'ผู้ช่วยศาสตราจารย์', 'อาวุธ', 'ยิ้มแต้', 'วิศวกรรมสิ่งแวดล้อม', 'ชมพู', 'T2'),
(266, 'ผู้ช่วยศาสตราจารย์', 'พนมชัย', 'วีระยุทธศิลป์', 'วิศวกรรมสิ่งแวดล้อม', 'ชมพู', 'T2'),
(267, 'ผู้ช่วยศาสตราจารย์', 'ธัญลักษณ์ ', 'ราษฎร์ภักดี', 'วิศวกรรมสิ่งแวดล้อม', 'ชมพู', 'T2'),
(268, 'ผู้ช่วยศาสตราจารย์', 'วิษณุ ', 'แทนบุญช่วย', 'วิศวกรรมสิ่งแวดล้อม', 'ชมพู', 'T2'),
(269, 'รองศาสตราจารย์', 'ไปรยา', 'เฉยไสย', 'วิศวกรรมสิ่งแวดล้อม', 'ชมพู', 'T2'),
(270, 'รองศาสตราจารย์', 'กัลยกร', 'ขวัญมา', 'วิศวกรรมสิ่งแวดล้อม', 'ชมพู', 'T2'),
(271, 'รองศาสตราจารย์', 'สุมนา', 'ราษฎร์ภักดี', 'วิศวกรรมสิ่งแวดล้อม', 'ชมพู', 'T2'),
(272, 'รองศาสตราจารย์', 'สุรพล', 'ผดุงทน', 'วิศวกรรมสิ่งแวดล้อม', 'เขียว', 'T2'),
(273, 'อาจารย์', 'ทินกร', 'คำแสน', 'วิศวกรรมเคมี', 'เขียว', 'T2'),
(274, 'อาจารย์', 'อธิป', 'เหลืองไพโรจน์', 'วิศวกรรมเคมี', 'เขียว', 'T2'),
(275, 'อาจารย์', 'อรณัฐ', 'ชูชื่น', 'วิศวกรรมเคมี', 'แดง', 'T2'),
(276, 'ผู้ช่วยศาสตราจารย์', 'วรินรำไพ', 'เศรษฐ์ธณบุตร', 'วิศวกรรมเคมี', 'เขียว', 'T2'),
(277, 'ผู้ช่วยศาสตราจารย์', 'อภิชาติ', 'อาจนาเสียว', 'วิศวกรรมเคมี', 'ชมพู', 'T2'),
(278, 'ผู้ช่วยศาสตราจารย์', 'พนมกร', 'ขวาของ', 'วิศวกรรมเคมี', 'เขียว', 'T2'),
(279, 'ผู้ช่วยศาสตราจารย์', 'ยุวรัตน์', 'เงินเย็น', 'วิศวกรรมเคมี', 'เขียว', 'T2'),
(280, 'ผู้ช่วยศาสตราจารย์', 'แก้วตา', 'เจตศรีสุภาพ', 'วิศวกรรมเคมี', 'ชมพู', 'T2'),
(281, 'ผู้ช่วยศาสตราจารย์', 'ดวงกนก ', 'ธนังธีรพงษ์', 'วิศวกรรมเคมี', 'เขียว', 'T2'),
(282, 'รองศาสตราจารย์', 'ชัยภัทร', 'เครือหงส์', 'วิศวกรรมเคมี', 'เขียว', 'T2'),
(283, 'รองศาสตราจารย์', 'อาทิตย์', 'เนรมิตตกพงศ์', 'วิศวกรรมเคมี', 'ชมพู', 'T2'),
(284, 'รองศาสตราจารย์', 'กันยรัตน์', 'โหละสุต', 'วิศวกรรมเคมี', 'เขียว', 'T2'),
(285, 'รองศาสตราจารย์', 'สุธาสินี', 'เนรมิตตกพงศ์', 'วิศวกรรมเคมี', 'ชมพู', 'T2'),
(286, 'รองศาสตราจารย์', 'ขนิษฐา', 'คำวิลัยศักดิ์', 'วิศวกรรมเคมี', 'เขียว', 'T2'),
(287, 'รองศาสตราจารย์', 'กิติโรจน์ ', 'หวันตาหลา', 'วิศวกรรมเคมี', 'ชมพู', 'T2'),
(288, 'รองศาสตราจารย์', 'พรนภา ', 'เกษมศิริ', 'วิศวกรรมเคมี', 'เขียว', 'T2'),
(289, 'อาจารย์', 'วสุ', 'เชาว์พานนท์', 'วิศวกรรมคอมพิวเตอร์', 'เขียว', 'T2'),
(290, 'อาจารย์', 'นวภัค', 'เอื้ออนันต์', 'วิศวกรรมคอมพิวเตอร์', 'ชมพู', 'T2'),
(291, 'อาจารย์', 'วาธิส', 'ลีลาภัทร', 'วิศวกรรมคอมพิวเตอร์', 'ชมพู', 'T2'),
(292, 'อาจารย์', 'กิตติ์', 'เธียรธโนปจัย', 'วิศวกรรมคอมพิวเตอร์', 'ชมพู', 'T2'),
(293, 'อาจารย์', 'ชวิศ ', 'ศรีจันทร์', 'วิศวกรรมคอมพิวเตอร์', 'เขียว', 'T2'),
(294, 'ผู้ช่วยศาสตราจารย์', 'ชัชชัย', 'คุณบัว', 'วิศวกรรมคอมพิวเตอร์', 'เขียว', 'T2'),
(295, 'ผู้ช่วยศาสตราจารย์', 'วิชชา', 'เฟื่องจันทร์', 'วิศวกรรมคอมพิวเตอร์', 'เขียว', 'T2'),
(296, 'ผู้ช่วยศาสตราจารย์', 'จิระเดช', 'พลสวัสดิ์', 'วิศวกรรมคอมพิวเตอร์', 'เขียว', 'T2'),
(297, 'ผู้ช่วยศาสตราจารย์', 'ภาณุพงษ์', 'วันจันทึก', 'วิศวกรรมคอมพิวเตอร์', 'เขียว', 'T2'),
(298, 'ผู้ช่วยศาสตราจารย์', 'อนัตต์', 'เจ่าสกุล', 'วิศวกรรมคอมพิวเตอร์', 'เขียว', 'T2'),
(299, 'ผู้ช่วยศาสตราจารย์', 'ดารณี', 'หอมดี', 'วิศวกรรมคอมพิวเตอร์', 'ชมพู', 'T2'),
(300, 'ผู้ช่วยศาสตราจารย์', 'ภัทรวิทย์', 'พลพินิจ', 'วิศวกรรมคอมพิวเตอร์', 'ชมพู', 'T2'),
(301, 'ผู้ช่วยศาสตราจารย์', 'กรชวัล', 'ชายผา', 'วิศวกรรมคอมพิวเตอร์', 'เขียว', 'T2'),
(302, 'รองศาสตราจารย์', 'วนิดา', 'แก่นอากาศ', 'วิศวกรรมคอมพิวเตอร์', 'ชมพู', 'T2'),
(303, 'รองศาสตราจารย์', 'กานดา', 'สายแก้ว', 'วิศวกรรมคอมพิวเตอร์', 'ชมพู', 'T2'),
(304, 'รองศาสตราจารย์', 'พิเชษฐ', 'เชี่ยวธนะกุล', 'วิศวกรรมคอมพิวเตอร์', 'ชมพู', 'T2'),
(305, 'รองศาสตราจารย์', 'วิโรจน์', 'ทวีปวรเดช', 'วิศวกรรมคอมพิวเตอร์', 'เขียว', 'T2'),
(306, 'รองศาสตราจารย์', 'ธัชพงศ์ ', 'กตัญญูกุล', 'วิศวกรรมคอมพิวเตอร์', 'เขียว', 'T2');

-- --------------------------------------------------------

--
-- Table structure for table `athlete`
--

CREATE TABLE `athlete` (
  `Time` varchar(50) DEFAULT NULL,
  `ID` int(11) DEFAULT NULL,
  `Title` varchar(50) DEFAULT NULL,
  `Name` varchar(50) DEFAULT NULL,
  `LastName` varchar(50) DEFAULT NULL,
  `Department` varchar(50) DEFAULT NULL,
  `ColorGroup` varchar(50) DEFAULT NULL,
  `Event` varchar(50) DEFAULT NULL,
  `Date` varchar(50) DEFAULT NULL,
  `Place` varchar(50) DEFAULT NULL
) ENGINE=InnoDB DEFAULT CHARSET=utf8 COLLATE=utf8_general_ci;

--
-- Dumping data for table `athlete`
--

INSERT INTO `athlete` (`Time`, `ID`, `Title`, `Name`, `LastName`, `Department`, `ColorGroup`, `Event`, `Date`, `Place`) VALUES
('8:00', 1, 'นาย', 'เจริญ', 'นามสีฐาน', 'สาขาวิชาวิศวกรรมโยธา', 'แดง', 'ฟุตบอล', '1 April 2023', 'สนามกีฬากลาง'),
('8:00', 2, 'นาย', 'ชัยยา', 'คำสมน้อย', 'สาขาวิชาวิศวกรรมโยธา', 'แดง', 'ฟุตบอล', '1 April 2023', 'สนามกีฬากลาง'),
('8:00', 3, 'นาย', 'มานพ', 'เจริญกุล', 'สาขาวิชาวิศวกรรมโยธา', 'แดง', 'ฟุตบอล', '1 April 2023', 'สนามกีฬากลาง'),
('8:00', 4, 'นาย', 'ประดิษฐ์', 'กาบจันทร์', 'สาขาวิชาวิศวกรรมโยธา', 'แดง', 'ฟุตบอล', '1 April 2023', 'สนามกีฬากลาง'),
('8:00', 5, 'นางสาว', 'พัชรี', 'นิมา', 'สาขาวิชาวิศวกรรมโยธา', 'แดง', 'ฟุตบอล', '1 April 2023', 'สนามกีฬากลาง'),
('8:00', 6, 'นาย', 'พิทักษ์', 'นามสิงห์ขันธ์', 'สาขาวิชาวิศวกรรมโยธา', 'แดง', 'ฟุตบอล', '1 April 2023', 'สนามกีฬากลาง'),
('8:00', 7, 'นาย', 'สกลเกียรติ', 'กวีพิชชาพัชร', 'สาขาวิชาวิศวกรรมโยธา', 'แดง', 'ฟุตบอล', '1 April 2023', 'สนามกีฬากลาง'),
('8:00', 8, 'นาย', 'ปองพล', 'อ่อนขาว', 'สาขาวิชาวิศวกรรมโยธา', 'แดง', 'ฟุตบอล', '1 April 2023', 'สนามกีฬากลาง'),
('8:00', 9, 'ว่าที่ ร.ต.', 'ปิยณัฐ', 'จันโทสุทธิ์', 'สาขาวิชาวิศวกรรมโยธา', 'แดง', 'ฟุตบอล', '1 April 2023', 'สนามกีฬากลาง'),
('8:00', 10, 'นาย', 'ตรรกวิทย์', 'คำก้อน', 'สาขาวิชาวิศวกรรมโยธา', 'แดง', 'ฟุตบอล', '1 April 2023', 'สนามกีฬากลาง'),
('8:00', 11, 'นาย', 'พรหมมินทร์ ', 'เถาวัลย์ดี', 'สาขาวิชาวิศวกรรมโยธา', 'แดง', 'ฟุตบอล', '1 April 2023', 'สนามกีฬากลาง'),
('9:30', 12, 'นาย', 'สุวัฒน์', 'บุญทศ', 'สาขาวิชาวิศวกรรมไฟฟ้า', 'แดง', 'วอลเลย์บอล', '1 April 2023', 'โรงยิม1'),
('9:30', 13, 'นาย', 'ภควัต', 'ศรีจารุเดช', 'สาขาวิชาวิศวกรรมไฟฟ้า', 'แดง', 'วอลเลย์บอล', '1 April 2023', 'โรงยิม1'),
('9:30', 14, 'นาย', 'ประเวทย์', 'พรหมจิตรานนท์', 'สาขาวิชาวิศวกรรมเกษตร', 'แดง', 'วอลเลย์บอล', '1 April 2023', 'โรงยิม1'),
('9:30', 15, 'นาย', 'จักรพันธ์', 'ด้วงคำจันทร์', 'สาขาวิชาวิศวกรรมเกษตร', 'แดง', 'วอลเลย์บอล', '1 April 2023', 'โรงยิม1'),
('9:30', 16, 'นาย', 'ภาณุวัฒน์', 'ลาดลงเมือง', 'สาขาวิชาวิศวกรรมเกษตร', 'แดง', 'วอลเลย์บอล', '1 April 2023', 'โรงยิม1'),
('9:30', 17, 'นาย', 'สมชาย', 'แก้วบุญเรือง', 'สาขาวิชาวิศวกรรมอุตสาหการ', 'แดง', 'วอลเลย์บอล', '1 April 2023', 'โรงยิม1'),
('9:30', 18, 'นาย', 'กองพัน', 'คุ้มไข่น้ำ', 'สาขาวิชาวิศวกรรมอุตสาหการ', 'แดง', 'วอลเลย์บอล', '1 April 2023', 'โรงยิม1'),
('9:30', 19, 'นาย', 'สิงห์ทอง', 'พรมโสดา', 'สาขาวิชาวิศวกรรมอุตสาหการ', 'แดง', 'วอลเลย์บอล', '1 April 2023', 'โรงยิม1'),
('9:30', 20, 'นาย', 'มานพ', 'ลีใส', 'สาขาวิชาวิศวกรรมอุตสาหการ', 'แดง', 'วอลเลย์บอล', '1 April 2023', 'โรงยิม1'),
('9:00', 21, 'นาย', 'บวรกิตติ์', 'พันธ์เสถียร', 'สาขาวิชาวิศวกรรมอุตสาหการ', 'แดง', 'บาสเก็ตบอล', '1 April 2023', 'โรงยิม2'),
('9:00', 22, 'นาย', 'ธีระเวทย์ ', 'พระชัย', 'สาขาวิชาวิศวกรรมอุตสาหการ', 'แดง', 'บาสเก็ตบอล', '1 April 2023', 'โรงยิม2'),
('9:00', 23, 'นาย', 'วีระสุนทร', 'เคนกา', 'สาขาวิชาวิศวกรรมอุตสาหการ', 'แดง', 'บาสเก็ตบอล', '1 April 2023', 'โรงยิม2'),
('9:00', 24, 'นาย', 'โกวิทย์', 'พลหาญ', 'สาขาวิชาวิศวกรรมอุตสาหการ', 'แดง', 'บาสเก็ตบอล', '1 April 2023', 'โรงยิม2'),
('9:00', 25, 'นาย', 'อาทิตย์', 'ยั่งยืน', 'สาขาวิชาวิศวกรรมอุตสาหการ', 'แดง', 'บาสเก็ตบอล', '1 April 2023', 'โรงยิม2'),
('9:00', 26, 'นาย', 'พงษ์พันธ์', 'ขยันเยี่ยม', 'สาขาวิชาวิศวกรรมเครื่องกล', 'แดง', 'บาสเก็ตบอล', '1 April 2023', 'โรงยิม2'),
('9:00', 27, 'นาย', 'ศุภชัย', 'สมบัติหา', 'สาขาวิชาวิศวกรรมเครื่องกล', 'แดง', 'บาสเก็ตบอล', '1 April 2023', 'โรงยิม2'),
('9:00', 28, 'นาย', 'จักร์พล', 'ศรีกลชาญ', 'สาขาวิชาวิศวกรรมเครื่องกล', 'แดง', 'บาสเก็ตบอล', '1 April 2023', 'โรงยิม2'),
('9:00', 29, 'นาย', 'ครรชิต', 'จันทร์โท', 'สาขาวิชาวิศวกรรมเครื่องกล', 'แดง', 'บาสเก็ตบอล', '1 April 2023', 'โรงยิม2'),
('9:00', 30, 'นาย', 'นารถพงศ์', 'พระชัย', 'สาขาวิชาวิศวกรรมเครื่องกล', 'แดง', 'บาสเก็ตบอล', '1 April 2023', 'โรงยิม2'),
('9:00', 31, 'นาง', 'ไพศรี', 'วรรณแสงทอง', 'สาขาวิชาวิศวกรรมสิ่งแวดล้อม', 'แดง', 'บาสเก็ตบอล', '1 April 2023', 'โรงยิม2'),
('9:00', 32, 'นางสาว', 'กฤษณา', 'โพธิ์ศรีขาม', 'สาขาวิชาวิศวกรรมสิ่งแวดล้อม', 'แดง', 'บาสเก็ตบอล', '1 April 2023', 'โรงยิม2'),
('8:00', 33, 'นาง', 'กรรณิการ์', 'เรืองศรีวิรัตน์', 'สาขาวิชาวิศวกรรมสิ่งแวดล้อม', 'ฟ้า', 'ฟุตบอล', '2 April 2023', 'สนามกีฬากลาง'),
('8:00', 34, 'นาง', 'เสาวรภย์', 'เจริญกุล', 'สาขาวิชาวิศวกรรมเกษตร', 'ฟ้า', 'ฟุตบอล', '2 April 2023', 'สนามกีฬากลาง'),
('8:00', 35, 'นาง', 'นภา ', 'อาษารัฐ', 'กองบริหารงานคณะ', 'ฟ้า', 'ฟุตบอล', '2 April 2023', 'สนามกีฬากลาง'),
('8:00', 36, 'นาง', 'จีระนันท์', 'พลยางนอก', 'กองบริหารงานคณะ', 'ฟ้า', 'ฟุตบอล', '2 April 2023', 'สนามกีฬากลาง'),
('8:00', 37, 'นาง', 'อรวรรณ', 'แก่นเชียงสา', 'กองบริหารงานคณะ', 'ฟ้า', 'ฟุตบอล', '2 April 2023', 'สนามกีฬากลาง'),
('8:00', 38, 'นาง', 'มยุรี', 'ยงกำลัง', 'กองบริหารงานคณะ', 'ฟ้า', 'ฟุตบอล', '2 April 2023', 'สนามกีฬากลาง'),
('8:00', 39, 'นาง', 'ธิดาสวรรค์', 'สิทธิเราะ', 'กองบริหารงานคณะ', 'ฟ้า', 'ฟุตบอล', '2 April 2023', 'สนามกีฬากลาง'),
('8:00', 40, 'นาย', 'ธนพล', 'รังสิมานพ', 'กองบริหารงานคณะ', 'ฟ้า', 'ฟุตบอล', '2 April 2023', 'สนามกีฬากลาง'),
('8:00', 41, 'นาย', 'สุพัฒน์', 'ศรีพุทธา', 'กองบริหารงานคณะ', 'ฟ้า', 'ฟุตบอล', '2 April 2023', 'สนามกีฬากลาง'),
('8:00', 42, 'นาย', 'สุขุม', 'ดวงเพียอ้ม', 'กองบริหารงานคณะ', 'ฟ้า', 'ฟุตบอล', '2 April 2023', 'สนามกีฬากลาง'),
('8:00', 43, 'นาย', 'เบ็ญ', 'โคตรทุม', 'กองบริหารงานคณะ', 'ฟ้า', 'ฟุตบอล', '2 April 2023', 'สนามกีฬากลาง'),
('9:30', 44, 'นาง', 'นวพร', 'อินทร์อร่ามวงษ์', 'กองบริหารงานคณะ', 'ฟ้า', 'วอลเลย์บอล', '2 April 2023', 'โรงยิม1'),
('9:30', 45, 'นาง', 'พูนสิน', 'คำพิบูลย์', 'กองบริหารงานคณะ', 'ฟ้า', 'วอลเลย์บอล', '2 April 2023', 'โรงยิม1'),
('9:30', 46, 'นาง', 'สุทธดา', 'ทรงจอหอ', 'สาขาวิชาวิศวกรรมเคมี', 'ฟ้า', 'วอลเลย์บอล', '2 April 2023', 'โรงยิม1'),
('9:30', 47, 'นาย', 'เทียนชัย', 'ภูคณะ', 'กองบริหารงานคณะ', 'ฟ้า', 'วอลเลย์บอล', '2 April 2023', 'โรงยิม1'),
('9:30', 48, 'นาง', 'คำภา', 'วงษ์คำอุด', 'สาขาวิชาวิศวกรรมไฟฟ้า', 'ฟ้า', 'วอลเลย์บอล', '2 April 2023', 'โรงยิม1'),
('9:30', 49, 'นาง', 'นงเยาว์', 'ทองเมืองน้อย', 'กองบริหารงานคณะ', 'ฟ้า', 'วอลเลย์บอล', '2 April 2023', 'โรงยิม1'),
('9:30', 50, 'นาง', 'โสภา', 'ภักดี', 'กองบริหารงานคณะ', 'ฟ้า', 'วอลเลย์บอล', '2 April 2023', 'โรงยิม1'),
('9:30', 51, 'นาง', 'ลัดดาวัลย์', 'กำไรงาม', 'กองบริหารงานคณะ', 'ฟ้า', 'วอลเลย์บอล', '2 April 2023', 'โรงยิม1'),
('9:30', 52, 'นาง', 'ลัดดาวัลย์', 'กำไรงาม', 'กองบริหารงานคณะ', 'ฟ้า', 'วอลเลย์บอล', '2 April 2023', 'โรงยิม1'),
('9:00', 53, 'นาง', 'ปรีชญา', 'จันทรประทักษ์', 'กองบริหารงานคณะ', 'ฟ้า', 'บาสเก็ตบอล', '3 April 2023', 'โรงยิม2'),
('9:00', 54, 'นางสาว', 'พรรณี', 'พันบุรี', 'กองบริหารงานคณะ', 'ฟ้า', 'บาสเก็ตบอล', '3 April 2023', 'โรงยิม2'),
('9:00', 55, 'นางสาว', 'กัญญณัท', 'วรศรี', 'กองบริหารงานคณะ', 'ฟ้า', 'บาสเก็ตบอล', '3 April 2023', 'โรงยิม2'),
('9:00', 56, 'นาง', 'บุญส่ง', 'ชมทรัพย์เจริญ', 'สาขาวิชาวิศวกรรมไฟฟ้า', 'ฟ้า', 'บาสเก็ตบอล', '3 April 2023', 'โรงยิม2'),
('9:00', 57, 'นาง', 'วิไลพร', 'ชมภูเขียว', 'กองบริหารงานคณะ', 'ฟ้า', 'บาสเก็ตบอล', '3 April 2023', 'โรงยิม2'),
('9:00', 58, 'นาง', 'สุมนา', 'เยาวมาตย์', 'กองบริหารงานคณะ', 'ฟ้า', 'บาสเก็ตบอล', '3 April 2023', 'โรงยิม2'),
('9:00', 59, 'นาง', 'นุชจะรินทร์', 'ตาดี', 'กองบริหารงานคณะ', 'ฟ้า', 'บาสเก็ตบอล', '3 April 2023', 'โรงยิม2'),
('9:00', 60, 'นาง', 'นวพร', 'ก้อนจันทร์', 'กองบริหารงานคณะ', 'ฟ้า', 'บาสเก็ตบอล', '3 April 2023', 'โรงยิม2'),
('9:00', 61, 'นาย', 'ธัมรงค์', 'กิจโป้', 'กองบริหารงานคณะ', 'ฟ้า', 'บาสเก็ตบอล', '3 April 2023', 'โรงยิม2'),
('9:00', 62, 'นาย', 'ไว', 'บุตรพิเศษ', 'กองบริหารงานคณะ', 'ฟ้า', 'บาสเก็ตบอล', '3 April 2023', 'โรงยิม2'),
('9:00', 63, 'นาง', 'เสริมสุข', 'วิสุทธิญาณภิรมย์', 'กองบริหารงานคณะ', 'ฟ้า', 'บาสเก็ตบอล', '3 April 2023', 'โรงยิม2'),
('9:00', 64, 'นาย', 'รุ่งอรุณ', 'จันทมาตย์', 'กองบริหารงานคณะ', 'ฟ้า', 'บาสเก็ตบอล', '3 April 2023', 'โรงยิม2'),
('8:00', 65, 'นาง', 'สมจิตร', 'ยามี', 'กองบริหารงานคณะ', 'เขียว', 'ฟุตบอล', '2 April 2023', 'สนามกีฬากลาง'),
('8:00', 66, 'นาย', 'สุรทิน', 'วงษ์ดวง', 'กองบริหารงานคณะ', 'เขียว', 'ฟุตบอล', '2 April 2023', 'สนามกีฬากลาง'),
('8:00', 67, 'นางสาว', 'นิภาภรณ์', 'บุษราคัม', 'กองบริหารงานคณะ', 'เขียว', 'ฟุตบอล', '2 April 2023', 'สนามกีฬากลาง'),
('8:00', 68, 'นางสาว', 'สุคนธ์ทิพย์', 'สื่อเกียรติก้อง', 'กองบริหารงานคณะ', 'เขียว', 'ฟุตบอล', '2 April 2023', 'สนามกีฬากลาง'),
('8:00', 69, 'นาย', 'สมพงษ์', 'บัวคำภา', 'กองบริหารงานคณะ', 'เขียว', 'ฟุตบอล', '2 April 2023', 'สนามกีฬากลาง'),
('8:00', 70, 'นางสาว', 'อรวรรณ', 'ชินทะนาม', 'กองบริหารงานคณะ', 'เขียว', 'ฟุตบอล', '2 April 2023', 'สนามกีฬากลาง'),
('8:00', 71, 'นาง', 'สุพิน', 'มูลอาษา', 'กองบริหารงานคณะ', 'เขียว', 'ฟุตบอล', '2 April 2023', 'สนามกีฬากลาง'),
('8:00', 72, 'นางสาว', 'วริฐา', 'ทองเหง้า', 'สาขาวิชาวิศวกรรมเกษตร', 'เขียว', 'ฟุตบอล', '2 April 2023', 'สนามกีฬากลาง'),
('8:00', 73, 'นาย', 'คำปน', 'ซาซุม', 'กองบริหารงานคณะ', 'เขียว', 'ฟุตบอล', '2 April 2023', 'สนามกีฬากลาง'),
('8:00', 74, 'นาง', 'ธรธัญญา', 'ธารเลิศ', 'สาขาวิชาวิศวกรรมเครื่องกล', 'เขียว', 'ฟุตบอล', '2 April 2023', 'สนามกีฬากลาง'),
('8:00', 75, 'นางสาว', 'สุกัญญา', 'วรรณสิทธิ์', 'กองบริหารงานคณะ', 'เขียว', 'ฟุตบอล', '2 April 2023', 'สนามกีฬากลาง'),
('9:30', 76, 'นางสาว', 'จตุพร', 'พิทักษ์พลรัตน์', 'กองบริหารงานคณะ', 'เขียว', 'วอลเลย์บอล', '2 April 2023', 'โรงยิม1'),
('9:30', 77, 'นาย', 'สาธร', 'พลศักดิ์', 'กองบริหารงานคณะ', 'เขียว', 'วอลเลย์บอล', '2 April 2023', 'โรงยิม1'),
('9:30', 78, 'นางสาว', 'ณัฐพัชร', 'แสงนิรันดร์', 'กองบริหารงานคณะ', 'เขียว', 'วอลเลย์บอล', '2 April 2023', 'โรงยิม1'),
('9:30', 79, 'นางสาว', 'อารีย์วรรณ', 'ละม้ายพันธ์', 'กองบริหารงานคณะ', 'เขียว', 'วอลเลย์บอล', '2 April 2023', 'โรงยิม1'),
('9:30', 80, 'นาง', 'อภิญญา', 'พันธ์สวัสดิ์', 'กองบริหารงานคณะ', 'เขียว', 'วอลเลย์บอล', '2 April 2023', 'โรงยิม1'),
('9:30', 81, 'นาง', 'ธนธรณ์', 'เพียดสิงห์', 'กองบริหารงานคณะ', 'เขียว', 'วอลเลย์บอล', '2 April 2023', 'โรงยิม1'),
('9:30', 82, 'นางสาว', 'บุษราภรณ์', 'อินทร์ตาแสง', 'กองบริหารงานคณะ', 'เขียว', 'วอลเลย์บอล', '2 April 2023', 'โรงยิม1'),
('9:30', 83, 'นาง', 'สุนีย์', 'เพียจันทร์', 'กองบริหารงานคณะ', 'เขียว', 'วอลเลย์บอล', '2 April 2023', 'โรงยิม1'),
('9:30', 84, 'นางสาว', 'พัชราพร', 'ด่านธนธรณ์', 'กองบริหารงานคณะ', 'เขียว', 'วอลเลย์บอล', '2 April 2023', 'โรงยิม1'),
('9:00', 85, 'นางสาว', 'อรชร', 'สอนสะอาด', 'กองบริหารงานคณะ', 'เขียว', 'บาสเก็ตบอล', '3 April 2023', 'โรงยิม2'),
('9:00', 86, 'นาย', 'สุรวุฒิ', 'สุพร', 'กองบริหารงานคณะ', 'เขียว', 'บาสเก็ตบอล', '3 April 2023', 'โรงยิม2'),
('9:00', 87, 'นางสาว', 'ทิพากร', 'ชัยสงค์', 'กองบริหารงานคณะ', 'เขียว', 'บาสเก็ตบอล', '3 April 2023', 'โรงยิม2'),
('9:00', 88, 'นางสาว', 'จารุณี', 'นวลบุญมา', 'กองบริหารงานคณะ', 'เขียว', 'บาสเก็ตบอล', '3 April 2023', 'โรงยิม2'),
('9:00', 89, 'นาย', 'วงศกร', 'วารินทร์กุต', 'กองบริหารงานคณะ', 'เขียว', 'บาสเก็ตบอล', '3 April 2023', 'โรงยิม2'),
('9:00', 90, 'นาย', 'อาทิตย์', 'นรปติ', 'กองบริหารงานคณะ', 'เขียว', 'บาสเก็ตบอล', '3 April 2023', 'โรงยิม2'),
('9:00', 91, 'นางสาว', 'สุวรรณี', 'มังดินดำ', 'กองบริหารงานคณะ', 'เขียว', 'บาสเก็ตบอล', '3 April 2023', 'โรงยิม2'),
('9:00', 92, 'นาง', 'บัวไข', 'สังข์ปรีชา', 'กองบริหารงานคณะ', 'เขียว', 'บาสเก็ตบอล', '3 April 2023', 'โรงยิม2'),
('9:00', 93, 'นางสาว', 'หนูเพียร', 'ปักนอก', 'กองบริหารงานคณะ', 'เขียว', 'บาสเก็ตบอล', '3 April 2023', 'โรงยิม2'),
('9:00', 94, 'นาย', 'ประวิทย์', 'ศรีวงษา', 'กองบริหารงานคณะ', 'เขียว', 'บาสเก็ตบอล', '3 April 2023', 'โรงยิม2'),
('9:00', 95, 'นาย', 'ภาณุพงศ์', 'ต.ประเสริฐ', 'กองบริหารงานคณะ', 'เขียว', 'บาสเก็ตบอล', '3 April 2023', 'โรงยิม2'),
('9:00', 96, 'นางสาว', 'ลัดดาภรณ์', 'อินตาหามแห', 'กองบริหารงานคณะ', 'เขียว', 'บาสเก็ตบอล', '3 April 2023', 'โรงยิม2'),
('8:00', 97, 'นางสาว', 'สุวรรณา', 'สีนาเพียง', 'กองบริหารงานคณะ', 'ชมพู', 'ฟุตบอล', '1 April 2023', 'สนามกีฬากลาง'),
('8:00', 98, 'นางสาว', 'เต็มศิริ', 'เชื้อเอี่ยมพันธ์', 'กองบริหารงานคณะ', 'ชมพู', 'ฟุตบอล', '1 April 2023', 'สนามกีฬากลาง'),
('8:00', 99, 'นางสาว', 'สุกัญญา', 'คำมูล', 'กองบริหารงานคณะ', 'ชมพู', 'ฟุตบอล', '1 April 2023', 'สนามกีฬากลาง'),
('8:00', 100, 'นาย', 'ธนากร', 'ตั้งจิตประสงค์', 'กองบริหารงานคณะ', 'ชมพู', 'ฟุตบอล', '1 April 2023', 'สนามกีฬากลาง'),
('8:00', 101, 'นางสาว', 'เสาวนา', 'เสียงสนั่น', 'สาขาวิชาวิศวกรรมโยธา', 'ชมพู', 'ฟุตบอล', '1 April 2023', 'สนามกีฬากลาง'),
('8:00', 102, 'นาย', 'กริช', 'ผาบจันทร์สิงห์', 'กองบริหารงานคณะ', 'ชมพู', 'ฟุตบอล', '1 April 2023', 'สนามกีฬากลาง'),
('8:00', 103, 'นาง', 'ปรานี', 'ธรรมจินดา', 'กองบริหารงานคณะ', 'ชมพู', 'ฟุตบอล', '1 April 2023', 'สนามกีฬากลาง'),
('8:00', 104, 'นางสาว', 'บุตรตรี', 'คนซื่อ', 'กองบริหารงานคณะ', 'ชมพู', 'ฟุตบอล', '1 April 2023', 'สนามกีฬากลาง'),
('8:00', 105, 'นาย', 'สมพร', 'จันทร์โสม', 'กองบริหารงานคณะ', 'ชมพู', 'ฟุตบอล', '1 April 2023', 'สนามกีฬากลาง'),
('8:00', 106, 'นาย', 'สมใจ', 'ขันอาสา', 'กองบริหารงานคณะ', 'ชมพู', 'ฟุตบอล', '1 April 2023', 'สนามกีฬากลาง'),
('8:00', 107, 'นางสาว', 'พัชราภรณ์ ', 'เสนาศูนย์', 'กองบริหารงานคณะ', 'ชมพู', 'ฟุตบอล', '1 April 2023', 'สนามกีฬากลาง'),
('9:30', 108, 'นางสาว', 'ธิตา', 'พีรพลพัฒน์พงษ์', 'สาขาวิชาวิศวกรรมอุตสาหการ', 'ชมพู', 'วอลเลย์บอล', '1 April 2023', 'โรงยิม1'),
('9:30', 109, 'นางสาว', 'นันทิดา', 'โนนสว่าง', 'สาขาวิชาวิศวกรรมคอมพิเตอร์', 'ชมพู', 'วอลเลย์บอล', '1 April 2023', 'โรงยิม1'),
('9:30', 110, 'นางสาว', 'วราพร', 'ศรีไพร', 'สาขาวิชาวิศวกรรมเครื่องกล', 'ชมพู', 'วอลเลย์บอล', '1 April 2023', 'โรงยิม1'),
('9:30', 111, 'นาย', 'นครินทร์', 'พูลศรี', 'กองบริหารงานคณะ', 'ชมพู', 'วอลเลย์บอล', '1 April 2023', 'โรงยิม1'),
('9:30', 112, 'นาย', 'มานะชัย', 'สอนเพ็ง', 'กองบริหารงานคณะ', 'ชมพู', 'วอลเลย์บอล', '1 April 2023', 'โรงยิม1'),
('9:30', 113, 'นาย', 'วิทยา', 'ศิริสาร', 'กองบริหารงานคณะ', 'ชมพู', 'วอลเลย์บอล', '1 April 2023', 'โรงยิม1'),
('9:30', 114, 'นาง', 'ลำพรรณ์', 'ดีรักษา', 'กองบริหารงานคณะ', 'ชมพู', 'วอลเลย์บอล', '1 April 2023', 'โรงยิม1'),
('9:30', 115, 'นางสาว', 'จานิพร', 'ทะเสนฮด', 'สาขาวิชาวิศวกรรมคอมพิวเตอร์', 'ชมพู', 'วอลเลย์บอล', '1 April 2023', 'โรงยิม1'),
('9:30', 116, 'นาย', 'ธีรฉัตร', 'อนิวรรตเมธี', 'กองบริหารงานคณะ', 'ชมพู', 'วอลเลย์บอล', '1 April 2023', 'โรงยิม1'),
('9:00', 117, 'นาง', 'ลำใย', 'คำจำปา', 'กองบริหารงานคณะ', 'ชมพู', 'บาสเก็ตบอล', '1 April 2023', 'โรงยิม2'),
('9:00', 118, 'นางสาว', 'นิตย์', 'บุญจะรักษ์', 'กองบริหารงานคณะ', 'ชมพู', 'บาสเก็ตบอล', '1 April 2023', 'โรงยิม2'),
('9:00', 119, 'นาย', 'อิทธิพงศ์', 'โคแก้ว', 'กองบริหารงานคณะ', 'ชมพู', 'บาสเก็ตบอล', '1 April 2023', 'โรงยิม2'),
('9:00', 120, 'นาย', 'สุภวัฒน์', 'คันทะพรม', 'กองบริหารงานคณะ', 'ชมพู', 'บาสเก็ตบอล', '1 April 2023', 'โรงยิม2'),
('9:00', 121, 'นางสาว', 'นิรมล ', 'ภูครองนาค', 'กองบริหารงานคณะ', 'ชมพู', 'บาสเก็ตบอล', '1 April 2023', 'โรงยิม2'),
('9:00', 122, 'นาย', 'สำราญ', 'ศรีโสภา', 'กองบริหารงานคณะ', 'ชมพู', 'บาสเก็ตบอล', '1 April 2023', 'โรงยิม2'),
('9:00', 123, 'นางสาว', 'ศิวาการ', 'ชัชมนมาศ', 'กองบริหารงานคณะ', 'ชมพู', 'บาสเก็ตบอล', '1 April 2023', 'โรงยิม2'),
('9:00', 124, 'นางสาว', 'ณัฐธิดา', 'ทึนรถ', 'กองบริหารงานคณะ', 'ชมพู', 'บาสเก็ตบอล', '1 April 2023', 'โรงยิม2'),
('9:00', 125, 'นางสาว', 'ธิดารัตน์', 'บุตรราช', 'สาขาวิชาวิศวกรรมอุตสาหการ', 'ชมพู', 'บาสเก็ตบอล', '1 April 2023', 'โรงยิม2'),
('9:00', 126, 'นาย', 'พิพัฒน์พงศ์', 'พันธุ์รัตน์', 'กองบริหารงานคณะ', 'ชมพู', 'บาสเก็ตบอล', '1 April 2023', 'โรงยิม2'),
('9:00', 127, 'นางสาว', 'วันทนีย์ ', 'นาคะผิว', 'สาขาวิชาวิศวกรรมโยธา', 'ชมพู', 'บาสเก็ตบอล', '1 April 2023', 'โรงยิม2'),
('9:00', 128, 'นางสาว', 'นันทวรรณ', 'ชาญวิชา', 'กองบริหารงานคณะ', 'ชมพู', 'บาสเก็ตบอล', '1 April 2023', 'โรงยิม2');

-- --------------------------------------------------------

--
-- Table structure for table `competitions`
--

CREATE TABLE `competitions` (
  `CompetitionID` int(11) NOT NULL,
  `SportID` int(11) DEFAULT NULL,
  `StartTime` datetime DEFAULT NULL,
  `EndTime` datetime DEFAULT NULL,
  `WinnerID` int(11) DEFAULT NULL,
  `RunnerUp1ID` int(11) DEFAULT NULL,
  `RunnerUp2ID` int(11) DEFAULT NULL
) ENGINE=InnoDB DEFAULT CHARSET=utf8mb4 COLLATE=utf8mb4_general_ci;

-- --------------------------------------------------------

--
-- Table structure for table `medal`
--

CREATE TABLE `medal` (
  `id_medal` int(11) NOT NULL,
  `team` varchar(50) NOT NULL,
  `gold` int(11) NOT NULL,
  `silver` int(11) NOT NULL,
  `bronze` int(11) NOT NULL,
  `total` int(11) NOT NULL
) ENGINE=InnoDB DEFAULT CHARSET=utf8mb4 COLLATE=utf8mb4_general_ci;

--
-- Dumping data for table `medal`
--

INSERT INTO `medal` (`id_medal`, `team`, `gold`, `silver`, `bronze`, `total`) VALUES
(3, 'แดง', 2, 0, 1, 3),
(4, 'ฟ้า', 1, 2, 3, 6);

-- --------------------------------------------------------

--
-- Table structure for table `organizers`
--

CREATE TABLE `organizers` (
  `OrganizerID` int(11) NOT NULL,
  `Name` varchar(50) DEFAULT NULL,
  `ColorGroup` varchar(10) DEFAULT NULL
) ENGINE=InnoDB DEFAULT CHARSET=utf8mb4 COLLATE=utf8mb4_general_ci;

-- --------------------------------------------------------

--
-- Table structure for table `other`
--

CREATE TABLE `other` (
  `ID` int(11) DEFAULT NULL,
  `Title` varchar(50) DEFAULT NULL,
  `Name` varchar(50) DEFAULT NULL,
  `LastName` varchar(50) DEFAULT NULL,
  `Department` varchar(50) DEFAULT NULL,
  `ColorGroup` varchar(50) DEFAULT NULL,
  `Track` varchar(50) DEFAULT NULL
) ENGINE=InnoDB DEFAULT CHARSET=utf8 COLLATE=utf8_general_ci;

--
-- Dumping data for table `other`
--

INSERT INTO `other` (`ID`, `Title`, `Name`, `LastName`, `Department`, `ColorGroup`, `Track`) VALUES
(307, 'นาย', 'ภาคภูมิ', 'อริกพันธุ์', 'โครงการพัฒนาทักษะการเรียนรู้แบบบูรณาการ', 'แดง', 'T3'),
(308, 'นางสาว', 'เมตตา', 'บัวพันธ์', 'โครงการพัฒนาทักษะการเรียนรู้แบบบูรณาการ', 'ฟ้า', 'T3'),
(309, 'นางสาว', 'ณัฐพร', 'ชบา', 'โครงการพัฒนาทักษะการเรียนรู้แบบบูรณาการ', 'แดง', 'T3'),
(310, 'นางสาว', 'สุทธิชา', 'ปะโอปตินัง', 'โครงการพัฒนาทักษะการเรียนรู้แบบบูรณาการ', 'ฟ้า', 'T3'),
(311, 'นางสาว', 'วิริยา ', 'ส่วยลี', 'ศูนย์วิจัยเครื่องจักรกลเกษตรและวิทยาการหลังการเก็บ', 'แดง', 'T3'),
(312, 'นางสาว', 'พิมพ์พจี', 'บางประอินทร์', 'ศูนย์วิจัยเครื่องจักรกลเกษตรและวิทยาการหลังการเก็บ', 'ฟ้า', 'T3'),
(313, 'นาย', 'ศักดิ์ดา', 'จำปานา', 'ศูนย์วิจัยเครื่องจักรกลเกษตรและวิทยาการหลังการเก็บ', 'แดง', 'T3'),
(314, 'นาย', 'ณัฐพล ', 'โสกุดเลา', 'ศูนย์วิจัยเครื่องจักรกลเกษตรและวิทยาการหลังการเก็บ', 'ฟ้า', 'T3'),
(315, 'นาย', 'พีรณัฐ', 'อัญสุรีย์', 'ศูนย์วิจัยเครื่องจักรกลเกษตรและวิทยาการหลังการเก็บ', 'แดง', 'T3'),
(316, 'นาย', 'กันตพงษ์', 'แข้โส', 'ศูนย์วิจัยเครื่องจักรกลเกษตรและวิทยาการหลังการเก็บ', 'ฟ้า', 'T3'),
(317, 'นาย', 'อภิวิชญ์', 'หาญพิชาญชัย', 'ศูนย์วิจัยเครื่องจักรกลเกษตรและวิทยาการหลังการเก็บ', 'แดง', 'T3'),
(318, 'นาย', 'อนันต์', 'จันที', 'ศูนย์วิจัยเครื่องจักรกลเกษตรและวิทยาการหลังการเก็บ', 'ฟ้า', 'T3'),
(319, 'นาย', 'ธีระพงษ์', 'แสงวิชัย', 'ศูนย์วิจัยเครื่องจักรกลเกษตรและวิทยาการหลังการเก็บ', 'แดง', 'T3'),
(320, 'นางสาว', 'วรุณพร', 'ดวงใจ', 'ศูนย์วิจัยด้านการจัดการสิ่งแวดล้อมและสารอันตราย', 'ฟ้า', 'T3'),
(321, 'นางสาว', 'ศรีรัตน์', 'สุวรรณคม', 'ศูนย์วิจัยด้านการจัดการสิ่งแวดล้อมและสารอันตราย', 'ชมพู', 'T3'),
(322, 'นาย', 'นครินทร์', 'เทอดเกียรติกุล', 'ศูนย์วิจัยด้านการจัดการสิ่งแวดล้อมและสารอันตราย', 'เขียว', 'T3'),
(323, 'นางสาว', 'กัญญาภัค', 'สมปัญญา', 'ศูนย์วิจัยด้านการจัดการสิ่งแวดล้อมและสารอันตราย', 'ชมพู', 'T3'),
(324, 'ดร.', 'ศุภวรรณ', 'ขันโททอง', 'ศูนย์การจัดการสิ่งแวดล้อม', 'เขียว', 'T3'),
(325, 'นางสาว', 'นลินรัตน์', 'เครือทองศรี', 'ศูนย์การจัดการสิ่งแวดล้อม', 'ชมพู', 'T3'),
(326, 'นาง', 'เจนจิรา', 'มะโนชมภู', 'ศูนย์การจัดการสิ่งแวดล้อม', 'เขียว', 'T3'),
(327, 'นาง', 'เพชราภรณ์', 'ภูครองตา', 'ศูนย์การจัดการสิ่งแวดล้อม', 'ชมพู', 'T3'),
(328, 'นางสาว', 'สุวรรณา', 'วงษ์จันทอง', 'ศูนย์การจัดการสิ่งแวดล้อม', 'เขียว', 'T3'),
(329, 'นางสาว', 'ลลิตา', 'ประจักษ์รัตนกุล', 'ศูนย์การจัดการสิ่งแวดล้อม', 'ชมพู', 'T3'),
(330, 'นางสาว', 'เบญจวรรณ', 'รวดเร็ว', 'ศูนย์การจัดการสิ่งแวดล้อม', 'เขียว', 'T3'),
(331, 'นาย', 'แสวง', 'แสนแก้ว', 'ศูนย์การจัดการสิ่งแวดล้อม', 'ชมพู', 'T3'),
(332, 'นาย', 'สนอง', 'นามเบ้าโฮง', 'ศูนย์การจัดการสิ่งแวดล้อม', 'เขียว', 'T3'),
(333, 'นาย', 'สุริยะ', 'สรรพโส', 'ศูนย์การจัดการสิ่งแวดล้อม', 'ชมพู', 'T3'),
(334, 'นาย', 'ศุภวิชญ์', 'วิไลลักษณ์', 'ศูนย์การจัดการสิ่งแวดล้อม', 'เขียว', 'T3');

-- --------------------------------------------------------

--
-- Table structure for table `result`
--

CREATE TABLE `result` (
  `re_id` int(11) NOT NULL,
  `team` varchar(50) NOT NULL,
  `sport` varchar(50) NOT NULL,
  `rank` varchar(50) NOT NULL
) ENGINE=InnoDB DEFAULT CHARSET=utf8mb4 COLLATE=utf8mb4_general_ci;

--
-- Dumping data for table `result`
--

INSERT INTO `result` (`re_id`, `team`, `sport`, `rank`) VALUES
(2, 'แดง', 'ฟุตบอล', 'gold'),
(4, 'แดง', 'บาสเก็ตบอล', 'gold'),
(6, 'แดง', 'วอลเลย์บอล', 'bronze'),
(7, 'ฟ้า', 'ฟุตบอล', 'silver'),
(8, 'ฟ้า', 'วอลเลย์บอล', 'gold'),
(9, 'ฟ้า', 'บาสเก็ตบอล', 'bronze'),
(10, 'เขียว', 'บาสเก็ตบอล', 'silver'),
(11, 'ชมพู', 'วอลเลย์บอล', 'silver');

-- --------------------------------------------------------

--
-- Table structure for table `schecdule`
--

CREATE TABLE `schecdule` (
  `matchid` int(11) NOT NULL,
  `Time` varchar(50) NOT NULL,
  `Date` varchar(50) NOT NULL,
  `Event` varchar(50) NOT NULL,
  `Round` varchar(50) NOT NULL,
  `Place` varchar(50) NOT NULL,
  `ColorGroup1` varchar(50) NOT NULL,
  `ColorGroup2` varchar(50) NOT NULL
) ENGINE=InnoDB DEFAULT CHARSET=utf8mb4 COLLATE=utf8mb4_general_ci;

--
-- Dumping data for table `schecdule`
--

INSERT INTO `schecdule` (`matchid`, `Time`, `Date`, `Event`, `Round`, `Place`, `ColorGroup1`, `ColorGroup2`) VALUES
(3, '14:27', '2023-04-04', 'ฟุตบอล', 'รอบแรก', 'สนามกีฬากลาง', 'แดง', 'ฟ้า'),
(4, '13:21', '2023-04-03', 'วอลเลย์บอล', 'รองชนะเลิศ', 'โรงยิม1', 'ฟ้า', 'เขียว'),
(5, '16:05', '2023-04-05', 'ฟุตบอล', 'รองชนะเลิศ', 'สนามกีฬากลาง', 'ฟ้า', 'แดง');

-- --------------------------------------------------------

--
-- Table structure for table `sports`
--

CREATE TABLE `sports` (
  `SportID` int(11) NOT NULL,
  `Name` varchar(50) DEFAULT NULL
) ENGINE=InnoDB DEFAULT CHARSET=utf8mb4 COLLATE=utf8mb4_general_ci;

--
-- Dumping data for table `sports`
--

INSERT INTO `sports` (`SportID`, `Name`) VALUES
(1, 'Football'),
(2, 'Volleyball'),
(3, 'Basketball');

-- --------------------------------------------------------

--
-- Table structure for table `students`
--

CREATE TABLE `students` (
  `StudentID` int(11) NOT NULL,
  `Title` varchar(50) DEFAULT NULL,
  `Name` varchar(50) DEFAULT NULL,
  `LastName` varchar(50) DEFAULT NULL,
  `Department` varchar(50) DEFAULT NULL,
  `ColorGroup` varchar(10) DEFAULT NULL
) ENGINE=InnoDB DEFAULT CHARSET=utf8mb4 COLLATE=utf8mb4_general_ci;

--
-- Dumping data for table `students`
--

INSERT INTO `students` (`StudentID`, `Title`, `Name`, `LastName`, `Department`, `ColorGroup`) VALUES
(1, 'นาย', 'เจริญ', 'นามสีฐาน', 'สาขาวิชาวิศวกรรมโยธา', 'แดง'),
(2, 'นาย', 'ชัยยา', 'คำสมน้อย', 'สาขาวิชาวิศวกรรมโยธา', 'แดง'),
(3, 'นาย', 'มานพ', 'เจริญกุล', 'สาขาวิชาวิศวกรรมโยธา', 'แดง'),
(4, 'นาย', 'ประดิษฐ์', 'กาบจันทร์', 'สาขาวิชาวิศวกรรมโยธา', 'แดง'),
(5, 'นางสาว', 'พัชรี', 'นิมา', 'สาขาวิชาวิศวกรรมโยธา', 'แดง'),
(6, 'นาย', 'พิทักษ์', 'นามสิงห์ขันธ์', 'สาขาวิชาวิศวกรรมโยธา', 'แดง'),
(7, 'นาย', 'สกลเกียรติ', 'กวีพิชชาพัชร', 'สาขาวิชาวิศวกรรมโยธา', 'แดง'),
(8, 'นาย', 'ปองพล', 'อ่อนขาว', 'สาขาวิชาวิศวกรรมโยธา', 'แดง'),
(9, 'ว่าที่ ร.ต.', 'ปิยณัฐ', 'จันโทสุทธิ์', 'สาขาวิชาวิศวกรรมโยธา', 'แดง'),
(10, 'นาย', 'ตรรกวิทย์', 'คำก้อน', 'สาขาวิชาวิศวกรรมโยธา', 'แดง'),
(11, 'นาย', 'พรหมมินทร์ ', 'เถาวัลย์ดี', 'สาขาวิชาวิศวกรรมโยธา', 'แดง'),
(12, 'นาย', 'สุวัฒน์', 'บุญทศ', 'สาขาวิชาวิศวกรรมไฟฟ้า', 'แดง'),
(13, 'นาย', 'ภควัต', 'ศรีจารุเดช', 'สาขาวิชาวิศวกรรมไฟฟ้า', 'แดง'),
(14, 'นาย', 'ประเวทย์', 'พรหมจิตรานนท์', 'สาขาวิชาวิศวกรรมเกษตร', 'แดง'),
(15, 'นาย', 'จักรพันธ์', 'ด้วงคำจันทร์', 'สาขาวิชาวิศวกรรมเกษตร', 'แดง'),
(16, 'นาย', 'ภาณุวัฒน์', 'ลาดลงเมือง', 'สาขาวิชาวิศวกรรมเกษตร', 'แดง'),
(17, 'นาย', 'สมชาย', 'แก้วบุญเรือง', 'สาขาวิชาวิศวกรรมอุตสาหการ', 'แดง'),
(18, 'นาย', 'กองพัน', 'คุ้มไข่น้ำ', 'สาขาวิชาวิศวกรรมอุตสาหการ', 'แดง'),
(19, 'นาย', 'สิงห์ทอง', 'พรมโสดา', 'สาขาวิชาวิศวกรรมอุตสาหการ', 'แดง'),
(20, 'นาย', 'มานพ', 'ลีใส', 'สาขาวิชาวิศวกรรมอุตสาหการ', 'แดง'),
(21, 'นาย', 'บวรกิตติ์', 'พันธ์เสถียร', 'สาขาวิชาวิศวกรรมอุตสาหการ', 'แดง'),
(22, 'นาย', 'ธีระเวทย์ ', 'พระชัย', 'สาขาวิชาวิศวกรรมอุตสาหการ', 'แดง'),
(23, 'นาย', 'วีระสุนทร', 'เคนกา', 'สาขาวิชาวิศวกรรมอุตสาหการ', 'แดง'),
(24, 'นาย', 'โกวิทย์', 'พลหาญ', 'สาขาวิชาวิศวกรรมอุตสาหการ', 'แดง'),
(25, 'นาย', 'อาทิตย์', 'ยั่งยืน', 'สาขาวิชาวิศวกรรมอุตสาหการ', 'แดง'),
(26, 'นาย', 'พงษ์พันธ์', 'ขยันเยี่ยม', 'สาขาวิชาวิศวกรรมเครื่องกล', 'แดง'),
(27, 'นาย', 'ศุภชัย', 'สมบัติหา', 'สาขาวิชาวิศวกรรมเครื่องกล', 'แดง'),
(28, 'นาย', 'จักร์พล', 'ศรีกลชาญ', 'สาขาวิชาวิศวกรรมเครื่องกล', 'แดง'),
(29, 'นาย', 'ครรชิต', 'จันทร์โท', 'สาขาวิชาวิศวกรรมเครื่องกล', 'แดง'),
(30, 'นาย', 'นารถพงศ์', 'พระชัย', 'สาขาวิชาวิศวกรรมเครื่องกล', 'แดง'),
(31, 'นาง', 'ไพศรี', 'วรรณแสงทอง', 'สาขาวิชาวิศวกรรมสิ่งแวดล้อม', 'แดง'),
(32, 'นางสาว', 'กฤษณา', 'โพธิ์ศรีขาม', 'สาขาวิชาวิศวกรรมสิ่งแวดล้อม', 'แดง'),
(33, 'นาย', 'สิทธิพันธุ์', 'สายบุญลี', 'สาขาวิชาวิศวกรรมสิ่งแวดล้อม', 'แดง'),
(34, 'นางสาว', 'จีรนันท์', 'จุทอง', 'สาขาวิชาวิศวกรรมสิ่งแวดล้อม', 'แดง'),
(35, 'นาย', 'บรรชา', 'สุภาวงศ์', 'สาขาวิชาวิศวกรรมเคมี', 'แดง'),
(36, 'นาย', 'เกรียงไกร', 'ไตรคุ้มกัน', 'สาขาวิชาวิศวกรรมเคมี', 'แดง'),
(37, 'นางสาว', 'วิมลพร', 'เอี่ยมอมรพันธ์', 'สาขาวิชาวิศวกรรมเคมี', 'แดง'),
(38, 'นาย', 'อนุชา', 'ไชยนิฮม', 'สาขาวิชาวิศวกรรมเคมี', 'แดง'),
(39, 'นาย', 'นิระ', 'หมื่นภูเขียว', 'สาขาวิชาวิศวกรรมคอมพิวเตอร์', 'ฟ้า'),
(40, 'นาย', 'ธีรพงษ์', 'บุญพา', 'สาขาวิชาวิศวกรรมคอมพิวเตอร์', 'ฟ้า'),
(41, 'นาง', 'กรรณิการ์', 'เรืองศรีวิรัตน์', 'สาขาวิชาวิศวกรรมสิ่งแวดล้อม', 'ฟ้า'),
(42, 'นาง', 'เสาวรภย์', 'เจริญกุล', 'สาขาวิชาวิศวกรรมเกษตร', 'ฟ้า'),
(43, 'นาง', 'นภา ', 'อาษารัฐ', 'กองบริหารงานคณะ', 'ฟ้า'),
(44, 'นาง', 'จีระนันท์', 'พลยางนอก', 'กองบริหารงานคณะ', 'ฟ้า'),
(45, 'นาง', 'อรวรรณ', 'แก่นเชียงสา', 'กองบริหารงานคณะ', 'ฟ้า'),
(46, 'นาง', 'มยุรี', 'ยงกำลัง', 'กองบริหารงานคณะ', 'ฟ้า'),
(47, 'นาง', 'ธิดาสวรรค์', 'สิทธิเราะ', 'กองบริหารงานคณะ', 'ฟ้า'),
(48, 'นาย', 'ธนพล', 'รังสิมานพ', 'กองบริหารงานคณะ', 'ฟ้า'),
(49, 'นาย', 'สุพัฒน์', 'ศรีพุทธา', 'กองบริหารงานคณะ', 'ฟ้า'),
(50, 'นาย', 'สุขุม', 'ดวงเพียอ้ม', 'กองบริหารงานคณะ', 'ฟ้า'),
(51, 'นาย', 'เบ็ญ', 'โคตรทุม', 'กองบริหารงานคณะ', 'ฟ้า'),
(52, 'นาง', 'นวพร', 'อินทร์อร่ามวงษ์', 'กองบริหารงานคณะ', 'ฟ้า'),
(53, 'นาง', 'พูนสิน', 'คำพิบูลย์', 'กองบริหารงานคณะ', 'ฟ้า'),
(54, 'นาง', 'สุทธดา', 'ทรงจอหอ', 'สาขาวิชาวิศวกรรมเคมี', 'ฟ้า'),
(55, 'นาย', 'เทียนชัย', 'ภูคณะ', 'กองบริหารงานคณะ', 'ฟ้า'),
(56, 'นาง', 'คำภา', 'วงษ์คำอุด', 'สาขาวิชาวิศวกรรมไฟฟ้า', 'ฟ้า'),
(57, 'นาง', 'นงเยาว์', 'ทองเมืองน้อย', 'กองบริหารงานคณะ', 'ฟ้า'),
(58, 'นาง', 'โสภา', 'ภักดี', 'กองบริหารงานคณะ', 'ฟ้า'),
(59, 'นาง', 'ลัดดาวัลย์', 'กำไรงาม', 'กองบริหารงานคณะ', 'ฟ้า'),
(60, 'นาง', 'ลัดดาวัลย์', 'กำไรงาม', 'กองบริหารงานคณะ', 'ฟ้า'),
(61, 'นาง', 'ปรีชญา', 'จันทรประทักษ์', 'กองบริหารงานคณะ', 'ฟ้า'),
(62, 'นางสาว', 'พรรณี', 'พันบุรี', 'กองบริหารงานคณะ', 'ฟ้า'),
(63, 'นางสาว', 'กัญญณัท', 'วรศรี', 'กองบริหารงานคณะ', 'ฟ้า'),
(64, 'นาง', 'บุญส่ง', 'ชมทรัพย์เจริญ', 'สาขาวิชาวิศวกรรมไฟฟ้า', 'ฟ้า'),
(65, 'นาง', 'วิไลพร', 'ชมภูเขียว', 'กองบริหารงานคณะ', 'ฟ้า'),
(66, 'นาง', 'สุมนา', 'เยาวมาตย์', 'กองบริหารงานคณะ', 'ฟ้า'),
(67, 'นาง', 'นุชจะรินทร์', 'ตาดี', 'กองบริหารงานคณะ', 'ฟ้า'),
(68, 'นาง', 'นวพร', 'ก้อนจันทร์', 'กองบริหารงานคณะ', 'ฟ้า'),
(69, 'นาย', 'ธัมรงค์', 'กิจโป้', 'กองบริหารงานคณะ', 'ฟ้า'),
(70, 'นาย', 'ไว', 'บุตรพิเศษ', 'กองบริหารงานคณะ', 'ฟ้า'),
(71, 'นาง', 'เสริมสุข', 'วิสุทธิญาณภิรมย์', 'กองบริหารงานคณะ', 'ฟ้า'),
(72, 'นาย', 'รุ่งอรุณ', 'จันทมาตย์', 'กองบริหารงานคณะ', 'ฟ้า'),
(73, 'นาง', 'สุวิมล', 'กล่อมวงศ์', 'กองบริหารงานคณะ', 'ฟ้า'),
(74, 'นาง', 'ประพรรณวดี', 'ปราชญ์กุลวงศ์', 'กองบริหารงานคณะ', 'ฟ้า'),
(75, 'นาง', 'อนุรักษ์', 'ใยแก้ว', 'กองบริหารงานคณะ', 'ฟ้า'),
(76, 'นาย', 'มนตรี', 'พันเดช', 'กองบริหารงานคณะ', 'ฟ้า'),
(77, 'นาง', 'อำพร', 'นามสีฐาน', 'กองบริหารงานคณะ', 'ฟ้า'),
(78, 'นาง', 'ยุพิน', 'พานิชย์พะเนาว์', 'กองบริหารงานคณะ', 'ฟ้า'),
(79, 'นาง', 'ปัทมา', 'กาญจนพัฒน์', 'สาขาวิชาวิศวกรรมสิ่งแวดล้อม', 'ฟ้า'),
(80, 'นาย', 'บุญทัน', 'ขันอาสา', 'กองบริหารงานคณะ', 'ฟ้า'),
(81, 'นาง', 'สมจิตร', 'ยามี', 'กองบริหารงานคณะ', 'เขียว'),
(82, 'นาย', 'สุรทิน', 'วงษ์ดวง', 'กองบริหารงานคณะ', 'เขียว'),
(83, 'นางสาว', 'นิภาภรณ์', 'บุษราคัม', 'กองบริหารงานคณะ', 'เขียว'),
(84, 'นางสาว', 'สุคนธ์ทิพย์', 'สื่อเกียรติก้อง', 'กองบริหารงานคณะ', 'เขียว'),
(85, 'นาย', 'สมพงษ์', 'บัวคำภา', 'กองบริหารงานคณะ', 'เขียว'),
(86, 'นางสาว', 'อรวรรณ', 'ชินทะนาม', 'กองบริหารงานคณะ', 'เขียว'),
(87, 'นาง', 'สุพิน', 'มูลอาษา', 'กองบริหารงานคณะ', 'เขียว'),
(88, 'นางสาว', 'วริฐา', 'ทองเหง้า', 'สาขาวิชาวิศวกรรมเกษตร', 'เขียว'),
(89, 'นาย', 'คำปน', 'ซาซุม', 'กองบริหารงานคณะ', 'เขียว'),
(90, 'นาง', 'ธรธัญญา', 'ธารเลิศ', 'สาขาวิชาวิศวกรรมเครื่องกล', 'เขียว'),
(91, 'นางสาว', 'สุกัญญา', 'วรรณสิทธิ์', 'กองบริหารงานคณะ', 'เขียว'),
(92, 'นางสาว', 'จตุพร', 'พิทักษ์พลรัตน์', 'กองบริหารงานคณะ', 'เขียว'),
(93, 'นาย', 'สาธร', 'พลศักดิ์', 'กองบริหารงานคณะ', 'เขียว'),
(94, 'นางสาว', 'ณัฐพัชร', 'แสงนิรันดร์', 'กองบริหารงานคณะ', 'เขียว'),
(95, 'นางสาว', 'อารีย์วรรณ', 'ละม้ายพันธ์', 'กองบริหารงานคณะ', 'เขียว'),
(96, 'นาง', 'อภิญญา', 'พันธ์สวัสดิ์', 'กองบริหารงานคณะ', 'เขียว'),
(97, 'นาง', 'ธนธรณ์', 'เพียดสิงห์', 'กองบริหารงานคณะ', 'เขียว'),
(98, 'นางสาว', 'บุษราภรณ์', 'อินทร์ตาแสง', 'กองบริหารงานคณะ', 'เขียว'),
(99, 'นาง', 'สุนีย์', 'เพียจันทร์', 'กองบริหารงานคณะ', 'เขียว'),
(100, 'นางสาว', 'พัชราพร', 'ด่านธนธรณ์', 'กองบริหารงานคณะ', 'เขียว'),
(101, 'นางสาว', 'อรชร', 'สอนสะอาด', 'กองบริหารงานคณะ', 'เขียว'),
(102, 'นาย', 'สุรวุฒิ', 'สุพร', 'กองบริหารงานคณะ', 'เขียว'),
(103, 'นางสาว', 'ทิพากร', 'ชัยสงค์', 'กองบริหารงานคณะ', 'เขียว'),
(104, 'นางสาว', 'จารุณี', 'นวลบุญมา', 'กองบริหารงานคณะ', 'เขียว'),
(105, 'นาย', 'วงศกร', 'วารินทร์กุต', 'กองบริหารงานคณะ', 'เขียว'),
(106, 'นาย', 'อาทิตย์', 'นรปติ', 'กองบริหารงานคณะ', 'เขียว'),
(107, 'นางสาว', 'สุวรรณี', 'มังดินดำ', 'กองบริหารงานคณะ', 'เขียว'),
(108, 'นาง', 'บัวไข', 'สังข์ปรีชา', 'กองบริหารงานคณะ', 'เขียว'),
(109, 'นางสาว', 'หนูเพียร', 'ปักนอก', 'กองบริหารงานคณะ', 'เขียว'),
(110, 'นาย', 'ประวิทย์', 'ศรีวงษา', 'กองบริหารงานคณะ', 'เขียว'),
(111, 'นาย', 'ภาณุพงศ์', 'ต.ประเสริฐ', 'กองบริหารงานคณะ', 'เขียว'),
(112, 'นางสาว', 'ลัดดาภรณ์', 'อินตาหามแห', 'กองบริหารงานคณะ', 'เขียว'),
(113, 'นาย', 'ทรงวุฒิ', 'หิรัญมาพร', 'กองบริหารงานคณะ', 'เขียว'),
(114, 'นางสาว', 'เสาร์', 'นามสีฐาน', 'กองบริหารงานคณะ', 'เขียว'),
(115, 'นางสาว', 'สมร', 'กรมรัฐ', 'กองบริหารงานคณะ', 'เขียว'),
(116, 'นาง', 'เตียนใจ', 'แสงอุทัย', 'กองบริหารงานคณะ', 'เขียว'),
(117, 'นาง', 'รัศมี', 'เจริญกุล', 'กองบริหารงานคณะ', 'เขียว'),
(118, 'นาง', 'บัวพันธ์', 'แก่นหามูล', 'กองบริหารงานคณะ', 'เขียว'),
(119, 'นางสาว', 'จิระพร', 'บุญมา', 'กองบริหารงานคณะ', 'เขียว'),
(120, 'นาง', 'สุกัญญา', 'เกิดศิลป์', 'กองบริหารงานคณะ', 'เขียว'),
(121, 'นาย', 'สงคราม', 'มีเศษ', 'กองบริหารงานคณะ', 'ชมพู'),
(122, 'นางสาว', 'สุวรรณา', 'สีนาเพียง', 'กองบริหารงานคณะ', 'ชมพู'),
(123, 'นางสาว', 'เต็มศิริ', 'เชื้อเอี่ยมพันธ์', 'กองบริหารงานคณะ', 'ชมพู'),
(124, 'นางสาว', 'สุกัญญา', 'คำมูล', 'กองบริหารงานคณะ', 'ชมพู'),
(125, 'นาย', 'ธนากร', 'ตั้งจิตประสงค์', 'กองบริหารงานคณะ', 'ชมพู'),
(126, 'นางสาว', 'เสาวนา', 'เสียงสนั่น', 'สาขาวิชาวิศวกรรมโยธา', 'ชมพู'),
(127, 'นาย', 'กริช', 'ผาบจันทร์สิงห์', 'กองบริหารงานคณะ', 'ชมพู'),
(128, 'นาง', 'ปรานี', 'ธรรมจินดา', 'กองบริหารงานคณะ', 'ชมพู'),
(129, 'นางสาว', 'บุตรตรี', 'คนซื่อ', 'กองบริหารงานคณะ', 'ชมพู'),
(130, 'นาย', 'สมพร', 'จันทร์โสม', 'กองบริหารงานคณะ', 'ชมพู'),
(131, 'นาย', 'สมใจ', 'ขันอาสา', 'กองบริหารงานคณะ', 'ชมพู'),
(132, 'นางสาว', 'พัชราภรณ์ ', 'เสนาศูนย์', 'กองบริหารงานคณะ', 'ชมพู'),
(133, 'นางสาว', 'ธิตา', 'พีรพลพัฒน์พงษ์', 'สาขาวิชาวิศวกรรมอุตสาหการ', 'ชมพู'),
(134, 'นางสาว', 'นันทิดา', 'โนนสว่าง', 'สาขาวิชาวิศวกรรมคอมพิเตอร์', 'ชมพู'),
(135, 'นางสาว', 'วราพร', 'ศรีไพร', 'สาขาวิชาวิศวกรรมเครื่องกล', 'ชมพู'),
(136, 'นาย', 'นครินทร์', 'พูลศรี', 'กองบริหารงานคณะ', 'ชมพู'),
(137, 'นาย', 'มานะชัย', 'สอนเพ็ง', 'กองบริหารงานคณะ', 'ชมพู'),
(138, 'นาย', 'วิทยา', 'ศิริสาร', 'กองบริหารงานคณะ', 'ชมพู'),
(139, 'นาง', 'ลำพรรณ์', 'ดีรักษา', 'กองบริหารงานคณะ', 'ชมพู'),
(140, 'นางสาว', 'จานิพร', 'ทะเสนฮด', 'สาขาวิชาวิศวกรรมคอมพิวเตอร์', 'ชมพู'),
(141, 'นาย', 'ธีรฉัตร', 'อนิวรรตเมธี', 'กองบริหารงานคณะ', 'ชมพู'),
(142, 'นาง', 'ลำใย', 'คำจำปา', 'กองบริหารงานคณะ', 'ชมพู'),
(143, 'นางสาว', 'นิตย์', 'บุญจะรักษ์', 'กองบริหารงานคณะ', 'ชมพู'),
(144, 'นาย', 'อิทธิพงศ์', 'โคแก้ว', 'กองบริหารงานคณะ', 'ชมพู'),
(145, 'นาย', 'สุภวัฒน์', 'คันทะพรม', 'กองบริหารงานคณะ', 'ชมพู'),
(146, 'นางสาว', 'นิรมล ', 'ภูครองนาค', 'กองบริหารงานคณะ', 'ชมพู'),
(147, 'นาย', 'สำราญ', 'ศรีโสภา', 'กองบริหารงานคณะ', 'ชมพู'),
(148, 'นางสาว', 'ศิวาการ', 'ชัชมนมาศ', 'กองบริหารงานคณะ', 'ชมพู'),
(149, 'นางสาว', 'ณัฐธิดา', 'ทึนรถ', 'กองบริหารงานคณะ', 'ชมพู'),
(150, 'นางสาว', 'ธิดารัตน์', 'บุตรราช', 'สาขาวิชาวิศวกรรมอุตสาหการ', 'ชมพู'),
(151, 'นาย', 'พิพัฒน์พงศ์', 'พันธุ์รัตน์', 'กองบริหารงานคณะ', 'ชมพู'),
(152, 'นางสาว', 'วันทนีย์ ', 'นาคะผิว', 'สาขาวิชาวิศวกรรมโยธา', 'ชมพู'),
(153, 'นางสาว', 'นันทวรรณ', 'ชาญวิชา', 'กองบริหารงานคณะ', 'ชมพู'),
(154, 'นาง', 'หนูเตียน', 'จันเล', 'กองบริหารงานคณะ', 'ชมพู'),
(155, 'นางสาว', 'ณัฎฐา ', 'ศักดิ์ศิลาพร', 'กองบริหารงานคณะ', 'ชมพู'),
(156, 'นางสาว', 'สุกฤตา', 'มหาหิง', 'กองบริหารงานคณะ', 'ชมพู'),
(157, 'นางสาว', 'อัมพร', 'บัวเริง', 'กองบริหารงานคณะ', 'ชมพู'),
(158, 'นางสาว', 'บงกช', 'ผาสุข', 'กองบริหารงานคณะ', 'ชมพู'),
(159, 'นางสาว', 'นันทรัตน์', 'จิตระการ', 'กองบริหารงานคณะ', 'ชมพู'),
(160, 'นางสาว', 'มาริษา', 'นันสมบัติ', 'กองบริหารงานคณะ', 'ชมพู'),
(161, 'นาง', 'จันทร์ศรี ', 'สำราญพิทักษ์', 'กองบริหารงานคณะ', 'ชมพู'),
(162, 'นาย', 'วรการ', 'ฮุนตระกูล', 'สาขาวิชาวิศวกรรมเคมี', 'ชมพู');

-- --------------------------------------------------------

--
-- Table structure for table `tracksupport`
--

CREATE TABLE `tracksupport` (
  `StudentID` int(11) DEFAULT NULL,
  `Title` varchar(50) DEFAULT NULL,
  `Name` varchar(50) DEFAULT NULL,
  `LastName` varchar(50) DEFAULT NULL,
  `Department` varchar(50) DEFAULT NULL,
  `ColorGroup` varchar(50) DEFAULT NULL,
  `Track` varchar(50) DEFAULT NULL
) ENGINE=InnoDB DEFAULT CHARSET=utf8 COLLATE=utf8_general_ci;

--
-- Dumping data for table `tracksupport`
--

INSERT INTO `tracksupport` (`StudentID`, `Title`, `Name`, `LastName`, `Department`, `ColorGroup`, `Track`) VALUES
(1, 'นาย', 'เจริญ', 'นามสีฐาน', 'สาขาวิชาวิศวกรรมโยธา', 'แดง', 'T1'),
(2, 'นาย', 'ชัยยา', 'คำสมน้อย', 'สาขาวิชาวิศวกรรมโยธา', 'แดง', 'T1'),
(3, 'นาย', 'มานพ', 'เจริญกุล', 'สาขาวิชาวิศวกรรมโยธา', 'แดง', 'T1'),
(4, 'นาย', 'ประดิษฐ์', 'กาบจันทร์', 'สาขาวิชาวิศวกรรมโยธา', 'แดง', 'T1'),
(5, 'นางสาว', 'พัชรี', 'นิมา', 'สาขาวิชาวิศวกรรมโยธา', 'ฟ้า', 'T1'),
(6, 'นาย', 'พิทักษ์', 'นามสิงห์ขันธ์', 'สาขาวิชาวิศวกรรมโยธา', 'ฟ้า', 'T1'),
(7, 'นาย', 'สกลเกียรติ', 'กวีพิชชาพัชร', 'สาขาวิชาวิศวกรรมโยธา', 'แดง', 'T1'),
(8, 'นาย', 'ปองพล', 'อ่อนขาว', 'สาขาวิชาวิศวกรรมโยธา', 'ฟ้า', 'T1'),
(9, 'ว่าที่ ร.ต.', 'ปิยณัฐ', 'จันโทสุทธิ์', 'สาขาวิชาวิศวกรรมโยธา', 'ฟ้า', 'T1'),
(10, 'นาย', 'ตรรกวิทย์', 'คำก้อน', 'สาขาวิชาวิศวกรรมโยธา', 'ฟ้า', 'T1'),
(11, 'นาย', 'พรหมมินทร์ ', 'เถาวัลย์ดี', 'สาขาวิชาวิศวกรรมโยธา', 'แดง', 'T1'),
(12, 'นาย', 'สุวัฒน์', 'บุญทศ', 'สาขาวิชาวิศวกรรมไฟฟ้า', 'แดง', 'T1'),
(13, 'นาย', 'ภควัต', 'ศรีจารุเดช', 'สาขาวิชาวิศวกรรมไฟฟ้า', 'ฟ้า', 'T1'),
(14, 'นาย', 'ประเวทย์', 'พรหมจิตรานนท์', 'สาขาวิชาวิศวกรรมเกษตร', 'ฟ้า', 'T1'),
(15, 'นาย', 'จักรพันธ์', 'ด้วงคำจันทร์', 'สาขาวิชาวิศวกรรมเกษตร', 'ฟ้า', 'T1'),
(16, 'นาย', 'ภาณุวัฒน์', 'ลาดลงเมือง', 'สาขาวิชาวิศวกรรมเกษตร', 'ฟ้า', 'T1'),
(17, 'นาย', 'สมชาย', 'แก้วบุญเรือง', 'สาขาวิชาวิศวกรรมอุตสาหการ', 'แดง', 'T1'),
(18, 'นาย', 'กองพัน', 'คุ้มไข่น้ำ', 'สาขาวิชาวิศวกรรมอุตสาหการ', 'ฟ้า', 'T1'),
(19, 'นาย', 'สิงห์ทอง', 'พรมโสดา', 'สาขาวิชาวิศวกรรมอุตสาหการ', 'แดง', 'T1'),
(20, 'นาย', 'มานพ', 'ลีใส', 'สาขาวิชาวิศวกรรมอุตสาหการ', 'แดง', 'T1'),
(21, 'นาย', 'บวรกิตติ์', 'พันธ์เสถียร', 'สาขาวิชาวิศวกรรมอุตสาหการ', 'ฟ้า', 'T1'),
(22, 'นาย', 'ธีระเวทย์ ', 'พระชัย', 'สาขาวิชาวิศวกรรมอุตสาหการ', 'ฟ้า', 'T1'),
(23, 'นาย', 'วีระสุนทร', 'เคนกา', 'สาขาวิชาวิศวกรรมอุตสาหการ', 'แดง', 'T1'),
(24, 'นาย', 'โกวิทย์', 'พลหาญ', 'สาขาวิชาวิศวกรรมอุตสาหการ', 'แดง', 'T1'),
(25, 'นาย', 'อาทิตย์', 'ยั่งยืน', 'สาขาวิชาวิศวกรรมอุตสาหการ', 'ฟ้า', 'T1'),
(26, 'นาย', 'พงษ์พันธ์', 'ขยันเยี่ยม', 'สาขาวิชาวิศวกรรมเครื่องกล', 'ฟ้า', 'T1'),
(27, 'นาย', 'ศุภชัย', 'สมบัติหา', 'สาขาวิชาวิศวกรรมเครื่องกล', 'ฟ้า', 'T1'),
(28, 'นาย', 'จักร์พล', 'ศรีกลชาญ', 'สาขาวิชาวิศวกรรมเครื่องกล', 'แดง', 'T1'),
(29, 'นาย', 'ครรชิต', 'จันทร์โท', 'สาขาวิชาวิศวกรรมเครื่องกล', 'แดง', 'T1'),
(30, 'นาย', 'นารถพงศ์', 'พระชัย', 'สาขาวิชาวิศวกรรมเครื่องกล', 'ฟ้า', 'T1'),
(31, 'นาง', 'ไพศรี', 'วรรณแสงทอง', 'สาขาวิชาวิศวกรรมสิ่งแวดล้อม', 'แดง', 'T1'),
(32, 'นางสาว', 'กฤษณา', 'โพธิ์ศรีขาม', 'สาขาวิชาวิศวกรรมสิ่งแวดล้อม', 'แดง', 'T1'),
(33, 'นาย', 'สิทธิพันธุ์', 'สายบุญลี', 'สาขาวิชาวิศวกรรมสิ่งแวดล้อม', 'แดง', 'T1'),
(34, 'นางสาว', 'จีรนันท์', 'จุทอง', 'สาขาวิชาวิศวกรรมสิ่งแวดล้อม', 'แดง', 'T1'),
(35, 'นาย', 'บรรชา', 'สุภาวงศ์', 'สาขาวิชาวิศวกรรมเคมี', 'แดง', 'T1'),
(36, 'นาย', 'เกรียงไกร', 'ไตรคุ้มกัน', 'สาขาวิชาวิศวกรรมเคมี', 'ฟ้า', 'T1'),
(37, 'นางสาว', 'วิมลพร', 'เอี่ยมอมรพันธ์', 'สาขาวิชาวิศวกรรมเคมี', 'แดง', 'T1'),
(38, 'นาย', 'อนุชา', 'ไชยนิฮม', 'สาขาวิชาวิศวกรรมเคมี', 'ฟ้า', 'T1'),
(39, 'นาย', 'นิระ', 'หมื่นภูเขียว', 'สาขาวิชาวิศวกรรมคอมพิวเตอร์', 'ฟ้า', 'T1'),
(40, 'นาย', 'ธีรพงษ์', 'บุญพา', 'สาขาวิชาวิศวกรรมคอมพิวเตอร์', 'ฟ้า', 'T1'),
(41, 'นาง', 'กรรณิการ์', 'เรืองศรีวิรัตน์', 'สาขาวิชาวิศวกรรมสิ่งแวดล้อม', 'แดง', 'T1'),
(42, 'นาง', 'เสาวรภย์', 'เจริญกุล', 'สาขาวิชาวิศวกรรมเกษตร', 'ฟ้า', 'T1'),
(43, 'นาง', 'นภา ', 'อาษารัฐ', 'กองบริหารงานคณะ', 'แดง', 'T1'),
(44, 'นาง', 'จีระนันท์', 'พลยางนอก', 'กองบริหารงานคณะ', 'ฟ้า', 'T1'),
(45, 'นาง', 'อรวรรณ', 'แก่นเชียงสา', 'กองบริหารงานคณะ', 'ฟ้า', 'T1'),
(46, 'นาง', 'มยุรี', 'ยงกำลัง', 'กองบริหารงานคณะ', 'แดง', 'T1'),
(47, 'นาง', 'ธิดาสวรรค์', 'สิทธิเราะ', 'กองบริหารงานคณะ', 'ฟ้า', 'T1'),
(48, 'นาย', 'ธนพล', 'รังสิมานพ', 'กองบริหารงานคณะ', 'ฟ้า', 'T1'),
(49, 'นาย', 'สุพัฒน์', 'ศรีพุทธา', 'กองบริหารงานคณะ', 'ฟ้า', 'T1'),
(50, 'นาย', 'สุขุม', 'ดวงเพียอ้ม', 'กองบริหารงานคณะ', 'แดง', 'T1'),
(51, 'นาย', 'เบ็ญ', 'โคตรทุม', 'กองบริหารงานคณะ', 'แดง', 'T1'),
(52, 'นาง', 'นวพร', 'อินทร์อร่ามวงษ์', 'กองบริหารงานคณะ', 'ฟ้า', 'T1'),
(53, 'นาง', 'พูนสิน', 'คำพิบูลย์', 'กองบริหารงานคณะ', 'ฟ้า', 'T1'),
(54, 'นาง', 'สุทธดา', 'ทรงจอหอ', 'สาขาวิชาวิศวกรรมเคมี', 'แดง', 'T1'),
(55, 'นาย', 'เทียนชัย', 'ภูคณะ', 'กองบริหารงานคณะ', 'แดง', 'T1'),
(56, 'นาง', 'คำภา', 'วงษ์คำอุด', 'สาขาวิชาวิศวกรรมไฟฟ้า', 'แดง', 'T1'),
(57, 'นาง', 'นงเยาว์', 'ทองเมืองน้อย', 'กองบริหารงานคณะ', 'แดง', 'T1'),
(58, 'นาง', 'โสภา', 'ภักดี', 'กองบริหารงานคณะ', 'แดง', 'T1'),
(59, 'นาง', 'ลัดดาวัลย์', 'กำไรงาม', 'กองบริหารงานคณะ', 'แดง', 'T1'),
(60, 'นาง', 'ลัดดาวัลย์', 'กำไรงาม', 'กองบริหารงานคณะ', 'แดง', 'T1'),
(61, 'นาง', 'ปรีชญา', 'จันทรประทักษ์', 'กองบริหารงานคณะ', 'ฟ้า', 'T1'),
(62, 'นางสาว', 'พรรณี', 'พันบุรี', 'กองบริหารงานคณะ', 'แดง', 'T1'),
(63, 'นางสาว', 'กัญญณัท', 'วรศรี', 'กองบริหารงานคณะ', 'ฟ้า', 'T1'),
(64, 'นาง', 'บุญส่ง', 'ชมทรัพย์เจริญ', 'สาขาวิชาวิศวกรรมไฟฟ้า', 'ฟ้า', 'T1'),
(65, 'นาง', 'วิไลพร', 'ชมภูเขียว', 'กองบริหารงานคณะ', 'แดง', 'T1'),
(66, 'นาง', 'สุมนา', 'เยาวมาตย์', 'กองบริหารงานคณะ', 'แดง', 'T1'),
(67, 'นาง', 'นุชจะรินทร์', 'ตาดี', 'กองบริหารงานคณะ', 'แดง', 'T1'),
(68, 'นาง', 'นวพร', 'ก้อนจันทร์', 'กองบริหารงานคณะ', 'ฟ้า', 'T1'),
(69, 'นาย', 'ธัมรงค์', 'กิจโป้', 'กองบริหารงานคณะ', 'แดง', 'T1'),
(70, 'นาย', 'ไว', 'บุตรพิเศษ', 'กองบริหารงานคณะ', 'แดง', 'T1'),
(71, 'นาง', 'เสริมสุข', 'วิสุทธิญาณภิรมย์', 'กองบริหารงานคณะ', 'แดง', 'T1'),
(72, 'นาย', 'รุ่งอรุณ', 'จันทมาตย์', 'กองบริหารงานคณะ', 'ฟ้า', 'T1'),
(73, 'นาง', 'สุวิมล', 'กล่อมวงศ์', 'กองบริหารงานคณะ', 'ฟ้า', 'T1'),
(74, 'นาง', 'ประพรรณวดี', 'ปราชญ์กุลวงศ์', 'กองบริหารงานคณะ', 'ฟ้า', 'T1'),
(75, 'นาง', 'อนุรักษ์', 'ใยแก้ว', 'กองบริหารงานคณะ', 'ฟ้า', 'T1'),
(76, 'นาย', 'มนตรี', 'พันเดช', 'กองบริหารงานคณะ', 'แดง', 'T1'),
(77, 'นาง', 'อำพร', 'นามสีฐาน', 'กองบริหารงานคณะ', 'ฟ้า', 'T1'),
(78, 'นาง', 'ยุพิน', 'พานิชย์พะเนาว์', 'กองบริหารงานคณะ', 'ฟ้า', 'T1'),
(79, 'นาง', 'ปัทมา', 'กาญจนพัฒน์', 'สาขาวิชาวิศวกรรมสิ่งแวดล้อม', 'ฟ้า', 'T1'),
(80, 'นาย', 'บุญทัน', 'ขันอาสา', 'กองบริหารงานคณะ', 'ฟ้า', 'T1'),
(81, 'นาง', 'สมจิตร', 'ยามี', 'กองบริหารงานคณะ', 'ฟ้า', 'T1'),
(82, 'นาย', 'สุรทิน', 'วงษ์ดวง', 'กองบริหารงานคณะ', 'แดง', 'T1'),
(83, 'นางสาว', 'นิภาภรณ์', 'บุษราคัม', 'กองบริหารงานคณะ', 'แดง', 'T1'),
(84, 'นางสาว', 'สุคนธ์ทิพย์', 'สื่อเกียรติก้อง', 'กองบริหารงานคณะ', 'ฟ้า', 'T1'),
(85, 'นาย', 'สมพงษ์', 'บัวคำภา', 'กองบริหารงานคณะ', 'ฟ้า', 'T1'),
(86, 'นางสาว', 'อรวรรณ', 'ชินทะนาม', 'กองบริหารงานคณะ', 'แดง', 'T1'),
(87, 'นาง', 'สุพิน', 'มูลอาษา', 'กองบริหารงานคณะ', 'แดง', 'T1'),
(88, 'นางสาว', 'วริฐา', 'ทองเหง้า', 'สาขาวิชาวิศวกรรมเกษตร', 'ชมพู', 'T1'),
(89, 'นาย', 'คำปน', 'ซาซุม', 'กองบริหารงานคณะ', 'เขียว', 'T1'),
(90, 'นาง', 'ธรธัญญา', 'ธารเลิศ', 'สาขาวิชาวิศวกรรมเครื่องกล', 'เขียว', 'T1'),
(91, 'นางสาว', 'สุกัญญา', 'วรรณสิทธิ์', 'กองบริหารงานคณะ', 'เขียว', 'T1'),
(92, 'นางสาว', 'จตุพร', 'พิทักษ์พลรัตน์', 'กองบริหารงานคณะ', 'เขียว', 'T1'),
(93, 'นาย', 'สาธร', 'พลศักดิ์', 'กองบริหารงานคณะ', 'เขียว', 'T1'),
(94, 'นางสาว', 'ณัฐพัชร', 'แสงนิรันดร์', 'กองบริหารงานคณะ', 'เขียว', 'T1'),
(95, 'นางสาว', 'อารีย์วรรณ', 'ละม้ายพันธ์', 'กองบริหารงานคณะ', 'ชมพู', 'T1'),
(96, 'นาง', 'อภิญญา', 'พันธ์สวัสดิ์', 'กองบริหารงานคณะ', 'เขียว', 'T1'),
(97, 'นาง', 'ธนธรณ์', 'เพียดสิงห์', 'กองบริหารงานคณะ', 'เขียว', 'T1'),
(98, 'นางสาว', 'บุษราภรณ์', 'อินทร์ตาแสง', 'กองบริหารงานคณะ', 'เขียว', 'T1'),
(99, 'นาง', 'สุนีย์', 'เพียจันทร์', 'กองบริหารงานคณะ', 'เขียว', 'T1'),
(100, 'นางสาว', 'พัชราพร', 'ด่านธนธรณ์', 'กองบริหารงานคณะ', 'เขียว', 'T1'),
(101, 'นางสาว', 'อรชร', 'สอนสะอาด', 'กองบริหารงานคณะ', 'เขียว', 'T1'),
(102, 'นาย', 'สุรวุฒิ', 'สุพร', 'กองบริหารงานคณะ', 'ชมพู', 'T1'),
(103, 'นางสาว', 'ทิพากร', 'ชัยสงค์', 'กองบริหารงานคณะ', 'เขียว', 'T1'),
(104, 'นางสาว', 'จารุณี', 'นวลบุญมา', 'กองบริหารงานคณะ', 'ชมพู', 'T1'),
(105, 'นาย', 'วงศกร', 'วารินทร์กุต', 'กองบริหารงานคณะ', 'ชมพู', 'T1'),
(106, 'นาย', 'อาทิตย์', 'นรปติ', 'กองบริหารงานคณะ', 'เขียว', 'T1'),
(107, 'นางสาว', 'สุวรรณี', 'มังดินดำ', 'กองบริหารงานคณะ', 'ชมพู', 'T1'),
(108, 'นาง', 'บัวไข', 'สังข์ปรีชา', 'กองบริหารงานคณะ', 'ชมพู', 'T1'),
(109, 'นางสาว', 'หนูเพียร', 'ปักนอก', 'กองบริหารงานคณะ', 'เขียว', 'T1'),
(110, 'นาย', 'ประวิทย์', 'ศรีวงษา', 'กองบริหารงานคณะ', 'เขียว', 'T1'),
(111, 'นาย', 'ภาณุพงศ์', 'ต.ประเสริฐ', 'กองบริหารงานคณะ', 'ชมพู', 'T1'),
(112, 'นางสาว', 'ลัดดาภรณ์', 'อินตาหามแห', 'กองบริหารงานคณะ', 'เขียว', 'T1'),
(113, 'นาย', 'ทรงวุฒิ', 'หิรัญมาพร', 'กองบริหารงานคณะ', 'เขียว', 'T1'),
(114, 'นางสาว', 'เสาร์', 'นามสีฐาน', 'กองบริหารงานคณะ', 'เขียว', 'T1'),
(115, 'นางสาว', 'สมร', 'กรมรัฐ', 'กองบริหารงานคณะ', 'ชมพู', 'T1'),
(116, 'นาง', 'เตียนใจ', 'แสงอุทัย', 'กองบริหารงานคณะ', 'เขียว', 'T1'),
(117, 'นาง', 'รัศมี', 'เจริญกุล', 'กองบริหารงานคณะ', 'ชมพู', 'T1'),
(118, 'นาง', 'บัวพันธ์', 'แก่นหามูล', 'กองบริหารงานคณะ', 'เขียว', 'T1'),
(119, 'นางสาว', 'จิระพร', 'บุญมา', 'กองบริหารงานคณะ', 'ชมพู', 'T1'),
(120, 'นาง', 'สุกัญญา', 'เกิดศิลป์', 'กองบริหารงานคณะ', 'ชมพู', 'T1'),
(121, 'นาย', 'สงคราม', 'มีเศษ', 'กองบริหารงานคณะ', 'ชมพู', 'T1'),
(122, 'นางสาว', 'สุวรรณา', 'สีนาเพียง', 'กองบริหารงานคณะ', 'เขียว', 'T1'),
(123, 'นางสาว', 'เต็มศิริ', 'เชื้อเอี่ยมพันธ์', 'กองบริหารงานคณะ', 'ชมพู', 'T1'),
(124, 'นางสาว', 'สุกัญญา', 'คำมูล', 'กองบริหารงานคณะ', 'ชมพู', 'T1'),
(125, 'นาย', 'ธนากร', 'ตั้งจิตประสงค์', 'กองบริหารงานคณะ', 'ชมพู', 'T1'),
(126, 'นางสาว', 'เสาวนา', 'เสียงสนั่น', 'สาขาวิชาวิศวกรรมโยธา', 'ชมพู', 'T1'),
(127, 'นาย', 'กริช', 'ผาบจันทร์สิงห์', 'กองบริหารงานคณะ', 'เขียว', 'T1'),
(128, 'นาง', 'ปรานี', 'ธรรมจินดา', 'กองบริหารงานคณะ', 'ชมพู', 'T1'),
(129, 'นางสาว', 'บุตรตรี', 'คนซื่อ', 'กองบริหารงานคณะ', 'เขียว', 'T1'),
(130, 'นาย', 'สมพร', 'จันทร์โสม', 'กองบริหารงานคณะ', 'เขียว', 'T1'),
(131, 'นาย', 'สมใจ', 'ขันอาสา', 'กองบริหารงานคณะ', 'ชมพู', 'T1'),
(132, 'นางสาว', 'พัชราภรณ์ ', 'เสนาศูนย์', 'กองบริหารงานคณะ', 'ชมพู', 'T1'),
(133, 'นางสาว', 'ธิตา', 'พีรพลพัฒน์พงษ์', 'สาขาวิชาวิศวกรรมอุตสาหการ', 'เขียว', 'T1'),
(134, 'นางสาว', 'นันทิดา', 'โนนสว่าง', 'สาขาวิชาวิศวกรรมคอมพิเตอร์', 'ชมพู', 'T1'),
(135, 'นางสาว', 'วราพร', 'ศรีไพร', 'สาขาวิชาวิศวกรรมเครื่องกล', 'ชมพู', 'T1'),
(136, 'นาย', 'นครินทร์', 'พูลศรี', 'กองบริหารงานคณะ', 'ชมพู', 'T1'),
(137, 'นาย', 'มานะชัย', 'สอนเพ็ง', 'กองบริหารงานคณะ', 'ชมพู', 'T1'),
(138, 'นาย', 'วิทยา', 'ศิริสาร', 'กองบริหารงานคณะ', 'ชมพู', 'T1'),
(139, 'นาง', 'ลำพรรณ์', 'ดีรักษา', 'กองบริหารงานคณะ', 'เขียว', 'T1'),
(140, 'นางสาว', 'จานิพร', 'ทะเสนฮด', 'สาขาวิชาวิศวกรรมคอมพิวเตอร์', 'ชมพู', 'T1'),
(141, 'นาย', 'ธีรฉัตร', 'อนิวรรตเมธี', 'กองบริหารงานคณะ', 'ชมพู', 'T1'),
(142, 'นาง', 'ลำใย', 'คำจำปา', 'กองบริหารงานคณะ', 'เขียว', 'T1'),
(143, 'นางสาว', 'นิตย์', 'บุญจะรักษ์', 'กองบริหารงานคณะ', 'ชมพู', 'T1'),
(144, 'นาย', 'อิทธิพงศ์', 'โคแก้ว', 'กองบริหารงานคณะ', 'ชมพู', 'T1'),
(145, 'นาย', 'สุภวัฒน์', 'คันทะพรม', 'กองบริหารงานคณะ', 'ชมพู', 'T1'),
(146, 'นางสาว', 'นิรมล ', 'ภูครองนาค', 'กองบริหารงานคณะ', 'เขียว', 'T1'),
(147, 'นาย', 'สำราญ', 'ศรีโสภา', 'กองบริหารงานคณะ', 'เขียว', 'T1'),
(148, 'นางสาว', 'ศิวาการ', 'ชัชมนมาศ', 'กองบริหารงานคณะ', 'ชมพู', 'T1'),
(149, 'นางสาว', 'ณัฐธิดา', 'ทึนรถ', 'กองบริหารงานคณะ', 'ชมพู', 'T1'),
(150, 'นางสาว', 'ธิดารัตน์', 'บุตรราช', 'สาขาวิชาวิศวกรรมอุตสาหการ', 'ชมพู', 'T1'),
(151, 'นาย', 'พิพัฒน์พงศ์', 'พันธุ์รัตน์', 'กองบริหารงานคณะ', 'ชมพู', 'T1'),
(152, 'นางสาว', 'วันทนีย์ ', 'นาคะผิว', 'สาขาวิชาวิศวกรรมโยธา', 'ชมพู', 'T1'),
(153, 'นางสาว', 'นันทวรรณ', 'ชาญวิชา', 'กองบริหารงานคณะ', 'ชมพู', 'T1'),
(154, 'นาง', 'หนูเตียน', 'จันเล', 'กองบริหารงานคณะ', 'ชมพู', 'T1'),
(155, 'นางสาว', 'ณัฎฐา ', 'ศักดิ์ศิลาพร', 'กองบริหารงานคณะ', 'ชมพู', 'T1'),
(156, 'นางสาว', 'สุกฤตา', 'มหาหิง', 'กองบริหารงานคณะ', 'เขียว', 'T1'),
(157, 'นางสาว', 'อัมพร', 'บัวเริง', 'กองบริหารงานคณะ', 'ชมพู', 'T1'),
(158, 'นางสาว', 'บงกช', 'ผาสุข', 'กองบริหารงานคณะ', 'ชมพู', 'T1'),
(159, 'นางสาว', 'นันทรัตน์', 'จิตระการ', 'กองบริหารงานคณะ', 'เขียว', 'T1'),
(160, 'นางสาว', 'มาริษา', 'นันสมบัติ', 'กองบริหารงานคณะ', 'ชมพู', 'T1'),
(161, 'นาง', 'จันทร์ศรี ', 'สำราญพิทักษ์', 'กองบริหารงานคณะ', 'ชมพู', 'T1'),
(162, 'นาย', 'วรการ', 'ฮุนตระกูล', 'สาขาวิชาวิศวกรรมเคมี', 'ชมพู', 'T1');

-- --------------------------------------------------------

--
-- Table structure for table `userdata`
--

CREATE TABLE `userdata` (
  `id` int(10) NOT NULL,
  `username` varchar(50) NOT NULL,
  `email` varchar(50) NOT NULL,
  `password` varchar(50) NOT NULL,
  `userlevel` varchar(1) NOT NULL
) ENGINE=InnoDB DEFAULT CHARSET=utf8mb4 COLLATE=utf8mb4_general_ci;

--
-- Dumping data for table `userdata`
--

INSERT INTO `userdata` (`id`, `username`, `email`, `password`, `userlevel`) VALUES
(1, 'Fifa', 'nawapong.p@kkumail.com', '5df12801e89ebeccfc5105a1f6517a3c', 'a'),
(2, 'captain', 'cap@gmail.com', '827ccb0eea8a706c4c34a16891f84e7b', 'm'),
(3, 'tan', 'tan@gmail.com', 'e91cd94819c3ed70fbdc733b927b08e1', 'm');

-- --------------------------------------------------------

--
-- Table structure for table `users`
--

CREATE TABLE `users` (
  `id` int(11) NOT NULL,
  `title` varchar(50) NOT NULL,
  `name` varchar(50) NOT NULL,
  `lastname` varchar(50) NOT NULL,
  `color` varchar(50) NOT NULL,
  `sport` varchar(50) NOT NULL
) ENGINE=InnoDB DEFAULT CHARSET=utf8mb4 COLLATE=utf8mb4_general_ci;

--
-- Dumping data for table `users`
--

INSERT INTO `users` (`id`, `title`, `name`, `lastname`, `color`, `sport`) VALUES
(6, 'นาย', 'นวพงศ์', 'ภิมาลย์', 'เขียว', 'ฟุตบอล'),
(9, 'นาย', 'Kritchaya', 'Phuttakallaya', 'ฟ้า', 'บาสเก็ตบอล');

--
-- Indexes for dumped tables
--

--
-- Indexes for table `competitions`
--
ALTER TABLE `competitions`
  ADD PRIMARY KEY (`CompetitionID`),
  ADD KEY `SportID` (`SportID`),
  ADD KEY `WinnerID` (`WinnerID`),
  ADD KEY `RunnerUp1ID` (`RunnerUp1ID`),
  ADD KEY `RunnerUp2ID` (`RunnerUp2ID`);

--
-- Indexes for table `medal`
--
ALTER TABLE `medal`
  ADD PRIMARY KEY (`id_medal`);

--
-- Indexes for table `organizers`
--
ALTER TABLE `organizers`
  ADD PRIMARY KEY (`OrganizerID`);

--
-- Indexes for table `result`
--
ALTER TABLE `result`
  ADD PRIMARY KEY (`re_id`);

--
-- Indexes for table `schecdule`
--
ALTER TABLE `schecdule`
  ADD PRIMARY KEY (`matchid`);

--
-- Indexes for table `sports`
--
ALTER TABLE `sports`
  ADD PRIMARY KEY (`SportID`);

--
-- Indexes for table `students`
--
ALTER TABLE `students`
  ADD PRIMARY KEY (`StudentID`);

--
-- Indexes for table `userdata`
--
ALTER TABLE `userdata`
  ADD PRIMARY KEY (`id`);

--
-- Indexes for table `users`
--
ALTER TABLE `users`
  ADD PRIMARY KEY (`id`);

--
-- AUTO_INCREMENT for dumped tables
--

--
-- AUTO_INCREMENT for table `medal`
--
ALTER TABLE `medal`
  MODIFY `id_medal` int(11) NOT NULL AUTO_INCREMENT, AUTO_INCREMENT=5;

--
-- AUTO_INCREMENT for table `result`
--
ALTER TABLE `result`
  MODIFY `re_id` int(11) NOT NULL AUTO_INCREMENT, AUTO_INCREMENT=12;

--
-- AUTO_INCREMENT for table `schecdule`
--
ALTER TABLE `schecdule`
  MODIFY `matchid` int(11) NOT NULL AUTO_INCREMENT, AUTO_INCREMENT=6;

--
-- AUTO_INCREMENT for table `userdata`
--
ALTER TABLE `userdata`
  MODIFY `id` int(10) NOT NULL AUTO_INCREMENT, AUTO_INCREMENT=4;

--
-- AUTO_INCREMENT for table `users`
--
ALTER TABLE `users`
  MODIFY `id` int(11) NOT NULL AUTO_INCREMENT, AUTO_INCREMENT=11;

--
-- Constraints for dumped tables
--

--
-- Constraints for table `competitions`
--
ALTER TABLE `competitions`
  ADD CONSTRAINT `competitions_ibfk_1` FOREIGN KEY (`SportID`) REFERENCES `sports` (`SportID`),
  ADD CONSTRAINT `competitions_ibfk_2` FOREIGN KEY (`WinnerID`) REFERENCES `students` (`StudentID`),
  ADD CONSTRAINT `competitions_ibfk_3` FOREIGN KEY (`RunnerUp1ID`) REFERENCES `students` (`StudentID`),
  ADD CONSTRAINT `competitions_ibfk_4` FOREIGN KEY (`RunnerUp2ID`) REFERENCES `students` (`StudentID`);
COMMIT;

/*!40101 SET CHARACTER_SET_CLIENT=@OLD_CHARACTER_SET_CLIENT */;
/*!40101 SET CHARACTER_SET_RESULTS=@OLD_CHARACTER_SET_RESULTS */;
/*!40101 SET COLLATION_CONNECTION=@OLD_COLLATION_CONNECTION */;
